fCnt,rssi,dr,freq
0,Inicio,5,916400000
1,-32,5,915600000
2,-37,5,915400000
3,-39,5,916200000
4,-33,5,916000000
5,-30,5,915800000
6,-42,5,915200000
7,-48,5,915600000
8,-46,5,915800000
9,-53,5,916400000
10,-53,5,915400000
11,-37,5,915200000
12,-54,5,916000000
13,-46,5,916200000
14,-47,5,916200000
15,-47,5,915400000
16,-45,5,916000000
17,-47,5,915200000
18,-45,5,915800000
19,-52,5,915600000
20,-46,5,916400000
21,-43,5,916000000
22,-41,5,915200000
23,-47,5,915800000
24,-71,5,915400000
25,-60,5,916400000
26,-62,5,916200000
27,-53,5,915600000
28,-58,5,915600000
29,-61,5,915400000
30,-57,5,916200000
31,-62,5,916400000
32,-62,5,915800000
33,-66,5,915200000
34,-61,5,916000000
35,-65,5,915200000
36,-70,5,915800000
37,-69,5,916200000
38,-60,5,916000000
39,-64,5,916400000
40,-62,5,915600000
41,-74,5,915400000
42,-76,5,916000000
43,-64,5,915800000
44,-67,5,915400000
45,-61,5,915200000
46,-60,5,916200000
47,-71,5,916400000
48,-60,5,915600000
49,-63,5,916200000
50,-69,5,916400000
51,-82,5,915200000
52,-61,5,915400000
53,-58,5,915600000
54,-62,5,915800000
55,-60,5,916000000
56,-67,5,916200000
57,-63,5,916000000
58,-73,5,916400000
59,-71,5,915600000
60,-70,5,915400000
61,-65,5,915800000
62,-64,5,915200000
63,-65,5,915800000
64,-63,5,916000000
65,-67,5,915200000
66,-54,5,916200000
67,-60,5,916400000
68,-59,5,915400000
69,-49,5,915600000
70,-57,5,915800000
71,-56,5,916200000
72,-63,5,916000000
73,-57,5,915200000
74,-51,5,916400000
75,-61,5,915400000
76,-53,5,915600000
77,-67,5,915600000
78,-52,5,915800000
79,-65,5,916200000
80,-73,5,915200000
81,-58,5,915400000
82,-51,5,916000000
83,-49,5,916400000
84,-50,5,916200000
85,-50,5,915200000
86,-62,5,915800000
87,-61,5,916400000
88,-53,5,915400000
89,-58,5,916000000
90,-47,5,915600000
91,-48,5,915200000
92,-48,5,916400000
93,-59,5,916000000
94,-49,5,915800000
95,-47,5,915600000
96,-47,5,915400000
97,-46,5,916200000
98,-48,5,915600000
99,-48,5,915400000
100,-45,5,916000000
101,-51,5,915200000
102,-47,5,916400000
103,-50,5,915800000
104,-48,5,916200000
105,-49,5,915800000
106,-48,5,915400000
107,-45,5,916400000
108,-50,5,916200000
109,-48,5,915600000
110,-46,5,916000000
111,-48,5,915200000
112,-45,5,915800000
113,-48,5,915200000
114,-47,5,915600000
115,-49,5,916400000
116,-50,5,916200000
117,-49,5,915400000
118,-47,5,916000000
119,-48,5,915600000
120,-47,5,916000000
121,-47,5,916400000
123,Sem resposta,5,916200000
124,-48,5,915800000
125,-48,5,915200000
126,-46,5,916200000
127,-49,5,916000000
128,-49,5,915800000
129,-47,5,915200000
130,-46,5,915600000
131,-48,5,916400000
132,-50,5,915400000
133,-47,5,916200000
134,-49,5,915400000
135,-46,5,915800000
136,-47,5,916400000
137,-49,5,916000000
138,-47,5,915600000
139,-46,5,915200000
140,-45,5,916000000
141,-48,5,916400000
142,Sem resposta,5,916200000
143,-51,5,915600000
144,-47,5,915800000
145,-45,5,915400000
146,-47,5,915200000
147,-45,5,916000000
148,-47,5,915800000
149,-45,5,915600000
150,-48,5,915400000
151,-47,5,916200000
152,-51,5,915200000
153,-46,5,916400000
154,-51,5,915800000
155,-49,5,915200000
156,-47,5,916000000
157,-46,5,915600000
158,-47,5,915400000
159,-45,5,916400000
160,-49,5,916200000
161,-50,5,915200000
162,-48,5,916200000
163,-49,5,916000000
164,-60,5,916400000
165,-59,5,915800000
166,-56,5,915400000
167,-57,5,915600000
168,-54,5,916000000
169,-52,5,915800000
170,-63,5,916200000
171,-52,5,916400000
172,-53,5,915600000
173,-50,5,915400000
174,-46,5,915200000
175,-48,5,915400000
176,-45,5,915600000
177,-46,5,916200000
178,-47,5,916000000
179,-47,5,916400000
180,-49,5,915800000
181,-47,5,915200000
182,-47,5,916400000
183,-48,5,915200000
184,-49,5,915600000
185,-46,5,915800000
186,-46,5,916000000
187,-45,5,916200000
188,-46,5,915400000
189,-52,5,916200000
190,-47,5,916400000
191,-48,5,915400000
192,-47,5,916000000
193,-48,5,915200000
194,-46,5,915800000
195,-47,5,915600000
196,-48,5,915800000
197,-47,5,916200000
198,-45,5,915200000
199,-49,5,916400000
200,-45,5,916000000
201,-48,5,915600000
202,-47,5,915400000
203,-48,5,915200000
204,-47,5,915400000
205,-47,5,916000000
206,-45,5,916200000
207,-44,5,915800000
208,-46,5,915600000
209,-47,5,916400000
210,-44,5,916200000
211,-45,5,915800000
212,-47,5,915400000
213,-47,5,915200000
214,-47,5,916400000
215,-45,5,915600000
216,-46,5,916000000
217,-46,5,915800000
218,-47,5,915600000
219,-46,5,916400000
220,-44,5,915200000
221,-46,5,915400000
222,-46,5,916200000
223,-44,5,916000000
224,Sem resposta,5,915400000
225,-47,5,916400000
226,-45,5,915200000
227,-46,5,916200000
228,-45,5,915800000
229,-46,5,915600000
230,-47,5,916000000
231,-45,5,915600000
232,-46,5,915800000
233,-46,5,916200000
234,-44,5,915400000
235,-46,5,916000000
236,-47,5,915200000
237,-47,5,916400000
238,-45,5,915800000
239,-45,5,916000000
240,-45,5,915400000
241,-46,5,915600000
242,-45,5,916200000
243,-45,5,916400000
244,-44,5,915200000
245,-46,5,915600000
246,-45,5,915400000
247,-54,5,916000000
248,-46,5,916400000
249,-43,5,916200000
250,-44,5,915200000
251,-49,5,915800000
252,-56,5,916000000
253,-44,5,915200000
254,-47,5,916400000
255,-49,5,915800000
256,-50,5,916200000
257,-52,5,915400000
258,-51,5,915600000
259,-46,5,915600000
260,-56,5,915400000
261,-46,5,915800000
262,-42,5,916200000
263,-49,5,916000000
264,-48,5,916400000
265,-42,5,915200000
266,-43,5,915600000
267,-36,5,915200000
268,-34,5,916400000
269,-41,5,915400000
270,-50,5,916000000
271,-61,5,916200000
272,-48,5,915800000
273,-41,5,915600000
274,-45,5,915200000
275,-61,5,915800000
276,-41,5,915400000
277,-50,5,916200000
278,-51,5,916000000
279,-63,5,916400000
280,-62,5,915200000
281,-66,5,916200000
282,-62,5,915400000
283,-62,5,916000000
284,-63,5,916400000
285,-63,5,915600000
286,-57,5,915800000
287,-58,5,915600000
288,-56,5,916000000
289,-58,5,916200000
290,-77,5,915800000
291,-65,5,915200000
292,-60,5,915400000
293,-54,5,916400000
294,-56,5,915200000
295,-73,5,915400000
296,-71,5,916000000
297,-74,5,915600000
298,-65,5,916400000
299,-71,5,915800000
300,-67,5,916200000
301,-70,5,915400000
302,-66,5,915600000
303,-73,5,915200000
304,-71,5,916400000
305,-70,5,915800000
306,-76,5,916000000
307,-71,5,916200000
308,-82,5,915400000
309,-80,5,915800000
310,-83,5,916400000
311,-77,5,916000000
312,-83,5,915600000
313,-76,5,916200000
314,-88,5,915200000
315,-83,5,915400000
316,-76,5,916200000
317,-83,5,915600000
318,-79,5,915800000
319,-75,5,916400000
320,-83,5,915200000
321,-82,5,916000000
322,-78,5,915800000
323,-70,5,916000000
324,-78,5,916400000
325,-77,5,915200000
326,-75,5,915600000
327,-74,5,915400000
328,-94,5,916200000
329,-86,5,916000000
330,-80,5,915400000
331,-78,5,915600000
332,-83,5,916400000
333,-86,5,915800000
334,-74,5,915200000
335,-83,5,916200000
336,-82,5,916200000
337,-77,5,916400000
338,-82,5,915600000
339,-79,5,916000000
340,-78,5,915200000
341,-73,5,915400000
342,-68,5,915800000
343,-65,5,916400000
344,-83,5,916200000
345,-61,5,915200000
346,-59,5,915600000
347,-59,5,915800000
348,-59,5,915400000
349,-63,5,916000000
350,-63,5,915600000
351,-69,5,915400000
352,-80,5,916400000
353,-69,5,915800000
354,-90,5,916200000
355,-74,5,916000000
356,-79,5,915200000
357,-85,5,915400000
358,-77,5,915200000
359,-79,5,915600000
360,-81,5,916400000
361,-76,5,915800000
362,-77,5,916200000
363,-76,5,916000000
364,-75,5,916400000
365,-77,5,915600000
366,-80,5,915800000
367,-79,5,916200000
368,-79,5,915400000
369,-76,5,916000000
370,-79,5,915200000
371,-76,5,916400000
372,-81,5,915200000
373,-86,5,915600000
374,Sem resposta,5,916000000
375,-71,5,915400000
376,-79,5,916200000
377,-79,5,915800000
378,-78,5,915200000
379,-74,5,916200000
380,-75,5,915400000
381,-76,5,915600000
382,-82,5,916000000
383,-81,5,916400000
384,-79,5,915800000
385,-83,5,915600000
386,-96,5,915400000
387,-84,5,915800000
388,-85,5,915200000
389,-79,5,916400000
390,-78,5,916200000
391,-80,5,916000000
392,-81,5,915400000
393,-79,5,915600000
394,-85,5,916000000
395,-91,5,916400000
396,-80,5,915200000
397,-77,5,916200000
398,-90,5,915800000
399,-78,5,915400000
400,-75,5,916000000
401,-74,5,916400000
402,-78,5,915800000
403,-85,5,916200000
404,-81,5,915200000
405,-82,5,915600000
406,-81,5,915400000
407,-85,5,915600000
408,-85,5,915200000
409,-77,5,916000000
410,-78,5,916400000
411,-77,5,915800000
412,-79,5,916200000
413,-77,5,915400000
414,-77,5,916000000
415,-78,5,915800000
416,-76,5,915200000
417,-80,5,916400000
418,-79,5,916200000
419,-76,5,915600000
420,-79,5,915600000
421,-80,5,916000000
422,-80,5,916200000
423,-78,5,916400000
424,-83,5,915800000
425,-84,5,915200000
426,-83,5,915400000
427,-83,5,915600000
428,-80,5,916000000
429,-81,5,915800000
430,-82,5,916200000
431,-80,5,915400000
432,-79,5,916400000
433,-82,5,915200000
434,-86,5,916200000
435,-77,5,916000000
436,-88,5,915800000
437,-79,5,915400000
438,-85,5,915200000
439,-84,5,915600000
440,-86,5,916400000
441,-80,5,916400000
442,-80,5,915800000
443,-86,5,916000000
444,-83,5,916200000
445,-78,5,915600000
446,-81,5,915200000
447,-81,5,915400000
448,-85,5,915800000
449,-78,5,915200000
450,-83,5,915400000
451,-82,5,916200000
452,Sem resposta,5,916000000
453,-88,5,915600000
454,-84,5,916400000
455,-77,5,916400000
456,-75,5,916000000
457,-75,5,915600000
458,-84,5,915400000
459,-90,5,915200000
460,-94,5,915800000
461,-80,5,916200000
462,-74,5,915400000
463,-78,5,916000000
464,-79,5,916400000
465,-80,5,915200000
466,-82,5,915800000
467,-79,5,915600000
468,-83,5,916200000
469,-77,5,916000000
470,-79,5,915800000
471,-85,5,915600000
472,-83,5,915200000
473,-80,5,915400000
474,-78,5,916200000
475,-74,5,916400000
476,-76,5,915400000
477,-77,5,916200000
478,-78,5,916400000
479,-79,5,916000000
480,-78,5,915800000
481,-74,5,915600000
482,-82,5,915200000
483,-91,5,916400000
484,-80,5,915800000
485,-79,5,915200000
486,-86,5,915600000
487,-84,5,916200000
488,-79,5,916000000
489,-82,5,915400000
490,-92,5,916000000
491,-78,5,916400000
492,-82,5,915200000
493,-92,5,915400000
494,-93,5,915800000
495,-77,5,915600000
496,-78,5,916200000
497,-76,5,916400000
498,-79,5,915400000
499,-78,5,915200000
500,-82,5,915600000
501,-77,5,916200000
502,-79,5,915800000
503,-83,5,916000000
504,-83,5,915600000
505,-80,5,915400000
506,-81,5,915800000
507,-77,5,916400000
508,-77,5,916000000
509,-77,5,916200000
510,-81,5,915200000
511,-80,5,916200000
512,-78,5,915600000
513,-78,5,915400000
514,-79,5,916000000
515,-80,5,916400000
516,-81,5,915200000
517,-84,5,915800000
518,-78,5,916000000
519,-79,5,915600000
520,-78,5,916400000
521,-79,5,915400000
522,-81,5,916200000
523,-81,5,915200000
524,-81,5,915800000
525,-80,5,916200000
526,-80,5,916000000
527,-82,5,915600000
528,-80,5,915200000
529,-80,5,915800000
530,-73,5,915400000
531,-83,5,916400000
532,-73,5,915800000
533,-81,5,916000000
534,-76,5,915600000
535,-68,5,916200000
536,-78,5,915400000
537,-77,5,915200000
538,-80,5,916400000
539,-70,5,916400000
540,-74,5,915400000
541,-71,5,915800000
542,-61,5,915600000
543,-82,5,916000000
544,-64,5,916200000
545,-68,5,915200000
546,-66,5,916400000
547,-69,5,915200000
548,-62,5,916200000
549,-61,5,915600000
550,-68,5,915400000
551,-64,5,915800000
552,-63,5,916000000
553,-76,5,915800000
554,-66,5,916400000
555,-64,5,915400000
556,-65,5,915200000
557,-66,5,916200000
558,-71,5,916000000
559,-64,5,915600000
560,-73,5,915200000
561,-67,5,916000000
562,-63,5,915400000
563,-64,5,916400000
564,-94,5,915800000
565,-64,5,916200000
566,-73,5,915600000
567,-77,5,915600000
568,-66,5,915400000
569,-78,5,916200000
570,-65,5,916000000
571,-61,5,916400000
572,-62,5,915200000
573,-54,5,915800000
574,-73,5,915800000
575,-71,5,916200000
576,-62,5,915600000
577,-59,5,915400000
578,-70,5,916000000
579,-76,5,916400000
580,-68,5,915200000
581,-73,5,916400000
582,-71,5,915800000
583,-71,5,915600000
584,-76,5,915200000
585,-75,5,916000000
586,-69,5,916200000
587,-76,5,915400000
588,-74,5,915400000
589,-66,5,916400000
590,-69,5,916000000
591,-74,5,916200000
592,-83,5,915200000
593,-73,5,915800000
594,-79,5,915600000
595,-76,5,916400000
596,-73,5,915400000
597,-74,5,916200000
598,-75,5,915600000
599,-74,5,915800000
600,-71,5,915200000
601,-71,5,916000000
602,-70,5,915400000
603,-74,5,915800000
604,-81,5,916000000
605,-78,5,915600000
606,-78,5,915200000
607,-71,5,916200000
608,-73,5,916400000
609,-75,5,915200000
610,-83,5,916400000
611,-82,5,916200000
612,-95,5,916000000
613,-76,5,915800000
614,-79,5,915400000
615,-78,5,915600000
616,-83,5,916000000
617,-82,5,916200000
618,-91,5,915200000
619,-101,5,916400000
620,-99,5,915600000
621,-94,5,915400000
622,-96,5,915800000
623,-82,5,915800000
624,-79,5,915400000
625,-91,5,915200000
626,-85,5,916000000
627,-88,5,915600000
628,-83,5,916200000
629,-81,5,916400000
630,-86,5,915800000
631,-91,5,915400000
632,-85,5,916000000
633,-78,5,915600000
634,-80,5,916400000
635,-85,5,915200000
636,-90,5,916200000
637,-88,5,916200000
638,-75,5,916400000
639,-78,5,915800000
640,-88,5,916000000
641,-81,5,915400000
642,-76,5,915600000
643,-74,5,915200000
644,-70,5,916400000
645,-73,5,915800000
646,-70,5,915400000
648,Sem resposta,5,915600000
649,-79,5,916000000
650,Sem resposta,5,915200000
651,-75,5,915400000
652,-78,5,916000000
653,-74,5,915200000
654,-78,5,916200000
655,-88,5,915800000
656,-86,5,916400000
657,-80,5,915600000
658,-88,5,915400000
659,-80,5,915600000
660,-77,5,915800000
661,-74,5,915200000
662,-75,5,916400000
663,-78,5,916200000
664,-83,5,916000000
665,-84,5,916400000
666,-90,5,916000000
667,-92,5,915200000
668,-97,5,915400000
669,-96,5,915800000
670,-96,5,915600000
671,-93,5,916200000
672,-93,5,916200000
673,-88,5,915800000
674,-76,5,916400000
675,-73,5,916000000
676,-75,5,915600000
677,-73,5,915200000
678,-68,5,915400000
679,-71,5,916400000
680,-76,5,915200000
681,-76,5,915400000
682,-75,5,916000000
683,-73,5,916200000
684,-73,5,915600000
685,-70,5,915800000
686,-74,5,915600000
687,-73,5,915800000
688,-73,5,916400000
689,-74,5,915400000
690,-71,5,915200000
691,-71,5,916200000
692,-75,5,916000000
693,-70,5,916000000
694,-70,5,916400000
695,-73,5,916200000
696,-74,5,915200000
697,-71,5,915600000
698,-71,5,915800000
699,-82,5,915400000
700,-85,5,915600000
701,-85,5,915400000
702,-74,5,915800000
703,-76,5,916400000
704,-82,5,916200000
705,-91,5,916000000
706,-78,5,915200000
707,-82,5,915800000
708,-81,5,915200000
709,-82,5,916000000
710,-81,5,916200000
711,-81,5,915600000
712,-79,5,916400000
713,-80,5,915400000
714,-78,5,916200000
715,-81,5,915400000
716,-79,5,915600000
717,-79,5,915800000
718,-79,5,916400000
719,-82,5,915200000
720,-82,5,916000000
721,-99,5,915400000
722,-85,5,915600000
723,-90,5,916400000
724,-83,5,916200000
725,-85,5,915800000
726,-87,5,916000000
727,-85,5,915200000
728,-90,5,916400000
729,-91,5,916000000
730,Sem resposta,5,915200000
731,-86,5,916200000
732,-84,5,915400000
733,-85,5,915600000
734,-85,5,915800000
735,-87,5,916400000
736,-97,5,915400000
737,-82,5,916200000
738,-85,5,915600000
739,-84,5,916000000
740,-83,5,915200000
741,-83,5,915800000
742,-84,5,916000000
743,-88,5,915200000
744,-93,5,916400000
745,-84,5,915400000
746,-91,5,915600000
747,-94,5,916200000
748,-86,5,915800000
749,-91,5,916200000
750,-85,5,915600000
751,-91,5,915200000
752,-91,5,916400000
753,-83,5,915400000
754,-96,5,916000000
755,-86,5,915800000
756,-90,5,916000000
757,-86,5,915400000
758,-97,5,915600000
759,-95,5,916400000
760,-84,5,915800000
761,-90,5,915200000
762,-82,5,916200000
763,-97,5,915400000
764,-96,5,916400000
765,-84,5,915800000
766,-91,5,915600000
767,-95,5,916200000
768,-87,5,915200000
769,-88,5,916000000
770,-90,5,915400000
771,-90,5,916200000
772,-84,5,915200000
773,-92,5,915600000
774,-90,5,915800000
775,-83,5,916400000
776,-86,5,916000000
777,-85,5,916400000
778,-90,5,915200000
779,-90,5,916000000
780,-99,5,916200000
781,-92,5,915400000
782,-95,5,915800000
783,-90,5,915600000
784,-88,5,915800000
785,-81,5,916000000
786,-83,5,915400000
787,-81,5,916200000
788,-80,5,916400000
789,-79,5,915600000
790,-79,5,915200000
791,-80,5,916000000
792,-80,5,915800000
793,-78,5,915400000
794,-78,5,915600000
795,-79,5,916200000
796,-79,5,915200000
797,-79,5,916400000
798,-78,5,915200000
799,-78,5,916200000
800,-80,5,916000000
801,-79,5,915600000
802,-78,5,915800000
803,-80,5,915400000
804,-81,5,916400000
805,-101,5,915800000
806,-82,5,916400000
807,-83,5,916000000
808,-83,5,916200000
809,-85,5,915200000
810,-83,5,915400000
811,-82,5,915600000
812,-82,5,916200000
813,-80,5,916400000
814,-80,5,915200000
815,-88,5,915800000
816,-88,5,915600000
817,-84,5,915400000
818,-84,5,916000000
819,-81,5,916400000
820,-88,5,915600000
821,-84,5,916000000
822,-85,5,915400000
823,-87,5,916200000
824,-91,5,915800000
825,-91,5,915200000
826,-92,5,915800000
827,-80,5,916000000
828,-86,5,915200000
829,-81,5,915400000
830,-83,5,916400000
831,-77,5,915600000
832,-91,5,916200000
833,-81,5,916000000
834,-81,5,915600000
835,-97,5,916400000
836,-86,5,915200000
837,-93,5,915800000
838,-79,5,915400000
839,-77,5,916200000
840,-79,5,915600000
841,-85,5,915400000
842,-75,5,916000000
843,-76,5,916200000
844,-75,5,916400000
845,-78,5,915800000
846,-73,5,915200000
847,-79,5,916400000
848,-73,5,915400000
849,-81,5,915600000
850,-80,5,915800000
851,-76,5,916000000
852,-81,5,916200000
853,-82,5,915200000
854,-91,5,915600000
855,-74,5,916200000
856,-77,5,916000000
857,-86,5,915200000
858,-84,5,915400000
859,-76,5,916400000
860,-81,5,915800000
861,-82,5,915400000
862,-83,5,916400000
863,-80,5,915800000
864,-74,5,915200000
865,-93,5,915600000
866,-84,5,916000000
867,-87,5,916200000
868,-78,5,916000000
869,-78,5,915200000
870,-83,5,916400000
871,-90,5,916200000
872,-84,5,915400000
873,-84,5,915800000
874,-95,5,915600000
875,-86,5,915400000
876,-93,5,916400000
877,-87,5,916200000
878,-91,5,915800000
879,-93,5,915600000
880,-84,5,915200000
881,-96,5,916000000
882,-101,5,916000000
883,-91,5,915200000
884,-80,5,916400000
885,-79,5,915400000
886,-75,5,916200000
887,-79,5,915600000
888,-84,5,915800000
889,-87,5,915400000
890,-77,5,915600000
891,-70,5,916000000
892,-77,5,916400000
893,-74,5,915800000
894,-92,5,916200000
895,-85,5,915200000
896,-80,5,915400000
897,-81,5,916200000
898,-80,5,916000000
899,-84,5,915800000
900,-87,5,915200000
901,-91,5,916400000
902,-90,5,915600000
903,-88,5,915600000
904,-92,5,916200000
905,-98,5,915400000
906,-80,5,915800000
907,-91,5,915200000
908,-80,5,916000000
909,-80,5,916400000
910,-101,5,916000000
911,-81,5,915800000
912,-77,5,916200000
913,-87,5,915400000
914,Sem resposta,5,915600000
915,-77,5,916400000
916,-75,5,915200000
918,Sem resposta,5,915600000
919,-73,5,915200000
920,-90,5,915400000
921,-75,5,916400000
922,-83,5,916200000
923,-67,5,915800000
924,-69,5,915400000
925,-68,5,916400000
926,-69,5,915800000
927,-68,5,916200000
928,-71,5,915200000
929,-82,5,916000000
930,-70,5,915600000
931,-82,5,915600000
932,-75,5,915400000
933,-85,5,915200000
934,-86,5,916000000
935,-81,5,916200000
936,-91,5,915800000
937,-82,5,916400000
938,-80,5,916200000
939,-91,5,916400000
940,-82,5,915800000
941,-86,5,915400000
942,-87,5,915200000
943,-90,5,915600000
944,-90,5,916000000
945,-85,5,916000000
946,-87,5,915600000
947,-91,5,916200000
948,-84,5,915200000
949,-91,5,916400000
950,-83,5,915400000
951,-85,5,915800000
952,-84,5,916200000
953,-88,5,915200000
954,-85,5,916000000
955,Sem resposta,5,915800000
956,-86,5,915600000
957,-85,5,915400000
958,-86,5,916400000
959,-85,5,915600000
960,-83,5,915200000
961,-87,5,916200000
962,-90,5,916000000
963,-84,5,915800000
964,-86,5,916400000
965,-85,5,915400000
966,-80,5,916000000
967,-79,5,916400000
968,-82,5,916200000
969,-82,5,915400000
970,-84,5,915200000
971,-91,5,915800000
972,-79,5,915600000
973,-84,5,916200000
974,-81,5,915600000
975,-85,5,916400000
976,-81,5,915200000
977,-81,5,915400000
978,-77,5,915800000
979,-77,5,916000000
980,-77,5,916200000
981,-77,5,916000000
982,-77,5,915800000
983,-77,5,916400000
984,-78,5,915600000
985,-79,5,915400000
986,-83,5,915200000
987,-83,5,915600000
988,-82,5,915800000
989,-83,5,915200000
990,-91,5,916000000
991,-79,5,916200000
992,-80,5,916400000
993,-86,5,915400000
994,-87,5,915200000
995,-93,5,915800000
996,-87,5,916200000
997,-84,5,915400000
998,-86,5,916000000
999,-88,5,915600000
1000,-90,5,916400000
1001,-85,5,915200000
1002,-82,5,916200000
1003,-85,5,916000000
1004,-81,5,915400000
1005,-90,5,915800000
1006,-91,5,916400000
1007,-81,5,915600000
1008,-90,5,916200000
1009,-83,5,916000000
1010,-83,5,916400000
1011,-82,5,915600000
1012,-86,5,915800000
1013,-81,5,915200000
1014,-81,5,915400000
1015,-91,5,916400000
1017,Sem resposta,5,916200000
1018,-78,5,915600000
1019,-82,5,915800000
1020,-80,5,915200000
1021,-83,5,916000000
1022,-78,5,915800000
1023,-79,5,916400000
1024,-79,5,915200000
1025,-88,5,915600000
1026,-83,5,915400000
1027,-90,5,916000000
1028,-83,5,916200000
1029,-83,5,915400000
1030,-83,5,916400000
1031,-83,5,915200000
1032,-87,5,915600000
1033,-83,5,916200000
1034,-84,5,915800000
1035,-84,5,916000000
1036,-84,5,915400000
1037,-87,5,915600000
1038,-85,5,915200000
1039,-87,5,916200000
1040,-85,5,915800000
1041,-86,5,916000000
1042,-86,5,916400000
1043,-85,5,916200000
1044,-85,5,916000000
1045,-82,5,915200000
1046,-84,5,915600000
1047,-85,5,916400000
1048,-83,5,915800000
1049,-86,5,915400000
1050,-87,5,915400000
1051,-90,5,915600000
1052,-84,5,916400000
1053,-85,5,915800000
1054,-85,5,915200000
1055,-85,5,916200000
1056,-87,5,916000000
1057,-95,5,915800000
1058,-95,5,916000000
1059,-92,5,915200000
1060,-85,5,916400000
1061,-83,5,915600000
1062,-84,5,916200000
1063,-85,5,915400000
1064,-90,5,916200000
1065,-88,5,916400000
1066,-93,5,915600000
1067,-93,5,916000000
1068,-98,5,915200000
1069,-87,5,915800000
1070,-90,5,915400000
1071,-87,5,915600000
1072,-86,5,915800000
1073,-86,5,915200000
1074,-85,5,916200000
1075,-85,5,916000000
1076,-85,5,916400000
1077,-85,5,915400000
1078,-84,5,915200000
1079,-84,5,915400000
1080,-84,5,916200000
1081,-91,5,915800000
1082,-91,5,916400000
1083,-88,5,915600000
1084,-88,5,916000000
1085,-87,5,915600000
1086,-88,5,916400000
1087,-87,5,915800000
1088,-88,5,916200000
1089,-88,5,915200000
1090,-86,5,916000000
1091,-86,5,915400000
1092,-87,5,915800000
1093,-86,5,916400000
1094,-87,5,915400000
1095,-84,5,916000000
1096,-86,5,915600000
1097,-87,5,915200000
1098,-79,5,916200000
1099,-76,5,916400000
1100,-82,5,915400000
1101,-81,5,915600000
1102,-81,5,915800000
1103,-92,5,916200000
1104,-91,5,915200000
1105,-87,5,916000000
1106,-87,5,916200000
1107,-79,5,916000000
1108,-80,5,915200000
1109,-77,5,915600000
1110,-84,5,916400000
1111,-79,5,915800000
1112,-85,5,915400000
1113,-76,5,915200000
1114,-82,5,916000000
1115,-76,5,916200000
1116,-82,5,916400000
1117,-83,5,915800000
1118,-86,5,915600000
1119,-81,5,915400000
1120,-82,5,916400000
1121,-94,5,916200000
1122,-84,5,915200000
1123,-78,5,915800000
1124,-77,5,915400000
1125,-84,5,915600000
1126,-86,5,916000000
1127,-88,5,916000000
1128,-79,5,915800000
1129,-85,5,915600000
1130,-83,5,915400000
1131,-90,5,916200000
1133,Sem resposta,5,916400000
1134,-91,5,915400000
1135,-81,5,916200000
1136,-92,5,915800000
1137,-91,5,915200000
1138,-94,5,916400000
1139,-105,5,916000000
1140,-94,5,915600000
1141,-94,5,915200000
1142,-88,5,916200000
1143,-101,5,916400000
1144,-91,5,916000000
1145,-95,5,915600000
1146,-102,5,915800000
1147,-90,5,915400000
1148,-96,5,915200000
1149,-102,5,915600000
1150,-100,5,915400000
1151,-97,5,916400000
1152,-97,5,916200000
1153,-92,5,915800000
1154,-95,5,916000000
1155,-83,5,915800000
1156,-90,5,915400000
1157,-82,5,916400000
1158,-83,5,916000000
1159,-81,5,915600000
1160,-83,5,916200000
1161,-80,5,915200000
1162,-91,5,916200000
1163,-88,5,916000000
1164,-80,5,915200000
1165,-90,5,915400000
1166,-88,5,916400000
1167,-93,5,915600000
1168,-80,5,915800000
1169,-91,5,916400000
1170,-101,5,915800000
1171,-90,5,916200000
1172,Sem resposta,5,916000000
1173,-88,5,915200000
1174,-87,5,915400000
1175,-86,5,915600000
1176,-94,5,916000000
1177,-84,5,916200000
1178,-85,5,916400000
1179,-92,5,915800000
1180,-80,5,915400000
1181,-85,5,915600000
1182,-82,5,915200000
1183,-88,5,916400000
1184,-95,5,915200000
1185,-83,5,916200000
1186,-81,5,915800000
1187,-80,5,916000000
1188,-85,5,915400000
1189,-81,5,915600000
1190,-81,5,915600000
1191,-79,5,915400000
1192,-77,5,916200000
1193,-75,5,915800000
1194,-82,5,915200000
1195,-87,5,916400000
1196,-79,5,916000000
1197,-79,5,916400000
1198,-83,5,916000000
1199,-79,5,915600000
1200,-83,5,915200000
1201,-79,5,916200000
1202,-95,5,915400000
1203,-88,5,915800000
1204,-82,5,915200000
1205,-80,5,915400000
1206,-83,5,916400000
1207,-85,5,916000000
1208,-96,5,916200000
1209,-92,5,915800000
1210,-84,5,915600000
1211,-84,5,915800000
1212,-83,5,915600000
1213,Sem resposta,5,916000000
1214,-86,5,915400000
1215,-90,5,916200000
1216,-86,5,916400000
1217,-86,5,915200000
1218,-100,5,915600000
1219,-87,5,916400000
1220,-93,5,915200000
1221,-94,5,915400000
1222,-82,5,915800000
1223,-83,5,916200000
1225,Sem resposta,5,915200000
1227,Sem resposta,5,916000000
1228,Sem resposta,5,915400000
1229,-82,5,916400000
1230,-85,5,915800000
1231,-84,5,916200000
1232,-85,5,916200000
1233,-85,5,916000000
1234,-84,5,915400000
1235,-85,5,915800000
1236,-85,5,915600000
1237,Sem resposta,5,915200000
1238,-87,5,916400000
1239,-86,5,916000000
1240,-86,5,915800000
1241,-82,5,915400000
1242,-82,5,916200000
1243,-84,5,916400000
1244,-84,5,915600000
1245,-82,5,915200000
1246,-83,5,916400000
1247,-83,5,916200000
1248,-81,5,915600000
1249,-82,5,915400000
1250,-82,5,915800000
1251,-82,5,915200000
1252,-81,5,916000000
1253,-82,5,915200000
1254,-84,5,916000000
1255,-83,5,916400000
1256,-83,5,915400000
1257,-82,5,916200000
1259,Sem resposta,5,915800000
1260,-82,5,915400000
1261,-82,5,916000000
1262,-82,5,915200000
1263,-83,5,916200000
1264,-82,5,916400000
1265,-81,5,915600000
1266,-84,5,915800000
1267,-84,5,915200000
1268,-86,5,915400000
1269,-84,5,915600000
1270,-85,5,916200000
1271,-83,5,915800000
1272,-84,5,916400000
1273,-82,5,916000000
1274,-82,5,916200000
1275,-83,5,916000000
1276,-82,5,915400000
1277,-85,5,915200000
1278,-88,5,915800000
1279,-82,5,916400000
1280,-83,5,915600000
1281,-85,5,915800000
1282,-83,5,915400000
1283,Sem resposta,5,915600000
1284,-83,5,915200000
1285,-85,5,916200000
1286,-83,5,916000000
1287,-82,5,916400000
1288,-84,5,916400000
1289,-85,5,916200000
1290,-82,5,915800000
1291,-83,5,915600000
1292,-84,5,915200000
1293,-90,5,916000000
1294,-83,5,915400000
1295,-83,5,915200000
1296,-90,5,915400000
1297,-86,5,916000000
1298,-83,5,915800000
1299,-84,5,916400000
1300,-85,5,915600000
1301,-86,5,916200000
1302,-84,5,915200000
1303,-90,5,916200000
1304,-85,5,916000000
1305,-85,5,915600000
1306,-85,5,915400000
1307,-85,5,916400000
1308,-90,5,915800000
1309,-87,5,915200000
1310,-85,5,916000000
1311,-90,5,915800000
1312,-88,5,915400000
1313,-85,5,916400000
1314,-93,5,915600000
1315,-91,5,916200000
1316,-92,5,916200000
1317,-88,5,915200000
1318,-87,5,916400000
1319,-92,5,915800000
1320,-91,5,916000000
1321,-93,5,915400000
1322,-88,5,915600000
1323,-88,5,915200000
1324,-86,5,915400000
1325,-90,5,916400000
1326,-91,5,916000000
1327,-94,5,915800000
1328,-90,5,915600000
1329,-88,5,916200000
1330,-92,5,915800000
1331,-90,5,915400000
1332,-92,5,916200000
1333,-93,5,915600000
1334,-88,5,915200000
1335,-88,5,916400000
1336,-97,5,916000000
1337,-92,5,915800000
1338,-88,5,915200000
1339,-88,5,915600000
1340,-90,5,915400000
1341,-88,5,916200000
1342,-94,5,916400000
1343,-96,5,916000000
1344,-93,5,916200000
1345,-93,5,915200000
1346,-87,5,916400000
1347,-96,5,915800000
1348,-92,5,915600000
1349,-87,5,915400000
1350,-87,5,916000000
1351,-91,5,915600000
1352,-87,5,915400000
1353,-87,5,916200000
1354,-105,5,915800000
1355,-102,5,915200000
1356,-95,5,916400000
1357,-84,5,916000000
1358,-83,5,916000000
1359,-84,5,915200000
1360,-95,5,915400000
1361,-93,5,915600000
1362,-85,5,916400000
1363,-95,5,915800000
1364,-91,5,916200000
1365,-84,5,916200000
1366,-90,5,915400000
1367,-85,5,916000000
1368,-98,5,916400000
1369,-95,5,915200000
1370,-75,5,915800000
1371,-92,5,915600000
1372,-81,5,915800000
1373,-85,5,915600000
1374,-79,5,915400000
1375,-92,5,916200000
1376,-86,5,915200000
1377,-84,5,916000000
1378,-79,5,916400000
1379,-86,5,915200000
1380,-79,5,915600000
1381,-83,5,916400000
1382,-90,5,915800000
1383,-77,5,916200000
1384,-84,5,916000000
1385,-83,5,915400000
1386,-93,5,915200000
1387,-100,5,916000000
1388,-102,5,915800000
1389,-93,5,915400000
1390,-103,5,916400000
1391,-103,5,915600000
1392,-96,5,916200000
1393,-101,5,916000000
1394,-95,5,915400000
1395,-113,5,916200000
1397,Sem resposta,5,916400000
1398,-101,5,915800000
1399,-101,5,915600000
1400,-103,5,915800000
1401,-97,5,916400000
1402,-104,5,915400000
1403,-96,5,916000000
1404,-93,5,915600000
1405,-99,5,915200000
1406,-96,5,916200000
1407,-96,5,916400000
1408,-96,5,915200000
1409,-98,5,916200000
1411,Sem resposta,5,915600000
1412,-92,5,915400000
1413,-93,5,916000000
1414,-92,5,915200000
1415,-86,5,916000000
1416,-88,5,916400000
1417,-91,5,915600000
1418,-87,5,915800000
1419,-84,5,916200000
1420,-84,5,915400000
1421,-78,5,915800000
1422,-90,5,915600000
1423,-83,5,915400000
1424,-87,5,915200000
1425,-97,5,916000000
1426,-93,5,916200000
1427,-88,5,916400000
1428,-88,5,915400000
1429,-94,5,915200000
1430,Sem resposta,5,916400000
1431,-88,5,916000000
1432,-82,5,915800000
1433,-96,5,916200000
1434,-84,5,915600000
1435,-88,5,916400000
1436,-91,5,915600000
1437,-83,5,915800000
1438,-90,5,915400000
1439,-87,5,916000000
1440,-94,5,916200000
1441,-85,5,915200000
1442,-83,5,915400000
1443,-84,5,915800000
1444,-92,5,915200000
1445,-88,5,915600000
1446,-96,5,916000000
1447,-82,5,916200000
1448,-95,5,916400000
1449,-99,5,915600000
1450,-83,5,915400000
1451,Sem resposta,5,916200000
1452,-84,5,915200000
1453,-83,5,916000000
1454,-81,5,916400000
1455,-85,5,915800000
1456,-80,5,915600000
1457,-85,5,916200000
1458,-98,5,915400000
1459,-83,5,916400000
1460,-81,5,916000000
1461,-88,5,915800000
1462,-87,5,915200000
1463,-84,5,916400000
1464,-93,5,915600000
1465,-84,5,916200000
1466,-80,5,915400000
1467,-86,5,915200000
1468,-85,5,916000000
1469,-85,5,915800000
1470,-87,5,915200000
1471,-88,5,915400000
1472,-104,5,915800000
1473,-93,5,915600000
1474,-96,5,916200000
1475,-90,5,916000000
1476,-95,5,916400000
1477,-88,5,915800000
1478,-84,5,916400000
1479,-86,5,915400000
1480,-84,5,916200000
1481,-84,5,916000000
1482,-83,5,915200000
1483,-81,5,915600000
1484,-94,5,916200000
1486,Sem resposta,5,915600000
1487,-84,5,916000000
1488,Sem resposta,5,916400000
1489,-97,5,915200000
1490,-90,5,915800000
1491,-96,5,915600000
1492,-93,5,915400000
1493,-94,5,915800000
1494,-88,5,916200000
1495,-88,5,915200000
1496,-87,5,916400000
1497,-88,5,916000000
1498,-90,5,915600000
1499,-91,5,916400000
1500,-91,5,915800000
1501,-91,5,915200000
1502,-84,5,916000000
1503,-91,5,915400000
1504,-92,5,916200000
1505,-97,5,915400000
1506,-92,5,916400000
1507,Sem resposta,5,916200000
1508,-87,5,915200000
1509,-95,5,916000000
1510,-94,5,915800000
1511,-90,5,915600000
1512,-88,5,915400000
1513,-85,5,916000000
1514,-95,5,915200000
1515,-93,5,916400000
1516,-94,5,915600000
1517,-93,5,916200000
1518,-98,5,915800000
1519,-99,5,915600000
1520,-95,5,916000000
1521,-95,5,916400000
1522,-97,5,915400000
1523,-93,5,915200000
1524,-96,5,916200000
1525,-96,5,915800000
1526,-96,5,915800000
1527,-96,5,916400000
1528,-96,5,915600000
1529,Sem resposta,5,915200000
1530,-95,5,916200000
1531,-96,5,915400000
1532,-94,5,916000000
1533,-94,5,915400000
1534,-94,5,916000000
1535,-94,5,916400000
1536,-96,5,916200000
1537,-96,5,915200000
1538,-95,5,915800000
1539,-96,5,915600000
1540,-96,5,915600000
1541,-96,5,916200000
1542,-96,5,916400000
1543,-98,5,915800000
1544,-99,5,915200000
1545,-96,5,916000000
1546,-94,5,915400000
1547,-98,5,915600000
1548,-93,5,916200000
1549,-91,5,915200000
1550,-96,5,916000000
1551,-91,5,916400000
1552,-91,5,915400000
1553,Sem resposta,5,915800000
1554,-91,5,916400000
1555,-92,5,915200000
1556,-95,5,916200000
1557,-91,5,915400000
1558,-93,5,915600000
1559,-92,5,916000000
1560,-90,5,915800000
1561,-92,5,916000000
1562,-90,5,915400000
1563,-95,5,916400000
1564,-91,5,916200000
1565,-91,5,915600000
1566,-93,5,915200000
1567,-95,5,915800000
1568,-92,5,915400000
1569,-94,5,916000000
1570,-91,5,916400000
1571,-92,5,916200000
1572,-91,5,915200000
1573,-98,5,915600000
1574,-95,5,915800000
1575,-94,5,915800000
1576,-94,5,915200000
1577,-96,5,916200000
1578,-92,5,916000000
1579,-91,5,916400000
1580,-94,5,915400000
1581,-95,5,915600000
1582,-93,5,916400000
1583,-91,5,916000000
1584,-91,5,915200000
1585,-97,5,915400000
1586,Sem resposta,5,915600000
1587,-94,5,916200000
1588,-91,5,915800000
1589,-93,5,915400000
1591,Sem resposta,5,915800000
1592,-99,5,916400000
1593,-97,5,915600000
1594,-98,5,915200000
1595,-107,5,916200000
1596,-98,5,916000000
1597,-98,5,915600000
1598,-99,5,916400000
1599,-98,5,916200000
1600,-98,5,915200000
1601,-99,5,915800000
1602,-98,5,915400000
1603,-101,5,915200000
1604,-103,5,915800000
1605,-102,5,915400000
1606,Sem resposta,5,916000000
1607,-78,5,915600000
1608,-99,5,916200000
1609,-86,5,916400000
1610,-90,5,915800000
1611,-86,5,915600000
1612,-82,5,916000000
1613,-82,5,915400000
1614,-87,5,916200000
1615,-86,5,916400000
1616,Sem resposta,5,915200000
1617,-94,5,915400000
1618,-94,5,916000000
1619,-88,5,916400000
1620,-99,5,915200000
1622,Sem resposta,5,915800000
1623,-91,5,916200000
1624,-90,5,915600000
1625,-92,5,916200000
1626,-85,5,915800000
1627,-87,5,916000000
1628,-96,5,915200000
1629,-91,5,916400000
1630,-100,5,915400000
1631,-96,5,915200000
1632,-87,5,915800000
1633,-96,5,916000000
1634,-94,5,916200000
1635,-98,5,916400000
1636,-98,5,915600000
1637,-101,5,915400000
1638,-96,5,916200000
1639,-96,5,915600000
1640,-93,5,915800000
1641,-105,5,915200000
1642,-103,5,916000000
1644,Sem resposta,5,916400000
1645,-100,5,915200000
1646,-98,5,916400000
1647,-109,5,915400000
1648,-103,5,915600000
1650,Sem resposta,5,916200000
1651,-104,5,915800000
1652,-105,5,915200000
1653,-97,5,915600000
1654,-101,5,915800000
1655,-101,5,916200000
1656,-97,5,916000000
1659,Sem resposta,5,915400000
1660,-87,5,915200000
1661,-86,5,916000000
1662,-87,5,915800000
1663,-78,5,916400000
1664,-78,5,916200000
1665,-84,5,915600000
1666,-86,5,916000000
1667,-83,5,915800000
1668,-80,5,916200000
1669,-91,5,915200000
1670,-87,5,916400000
1671,-88,5,915400000
1672,-86,5,915600000
1673,-82,5,916200000
1674,-88,5,915800000
1675,-85,5,915200000
1676,-87,5,916400000
1677,-91,5,916000000
1678,-91,5,915600000
1679,-96,5,915400000
1680,-91,5,915200000
1681,-93,5,915600000
1682,-79,5,916400000
1683,-86,5,916200000
1684,-82,5,915400000
1685,-88,5,915800000
1686,-79,5,916000000
1687,-86,5,916000000
1688,-90,5,915200000
1689,-82,5,916200000
1690,-83,5,915800000
1691,-90,5,915400000
1692,-82,5,915600000
1693,-85,5,916400000
1694,-82,5,915600000
1695,-80,5,915200000
1696,-75,5,915800000
1697,-78,5,916000000
1698,-82,5,915400000
1699,-78,5,916200000
1700,-77,5,916400000
1701,-79,5,915200000
1702,-77,5,915400000
1703,-83,5,915800000
1704,-76,5,915600000
1705,-76,5,916400000
1706,-82,5,916000000
1707,-85,5,916200000
1708,-85,5,915400000
1709,-91,5,916200000
1710,-80,5,915800000
1711,-82,5,916000000
1712,-91,5,915600000
1713,-84,5,915200000
1714,-83,5,916400000
1715,-84,5,915600000
1716,-81,5,915400000
1717,-91,5,915200000
1718,-82,5,916000000
1719,-83,5,916400000
1720,-86,5,915800000
1721,-86,5,916200000
1722,-86,5,916000000
1723,-87,5,915600000
1724,-79,5,915200000
1725,-77,5,915800000
1726,-79,5,915400000
1727,-79,5,916400000
1728,-77,5,916200000
1729,-82,5,915400000
1730,-79,5,915800000
1731,-79,5,916400000
1732,-80,5,916200000
1733,-86,5,916000000
1734,-84,5,915200000
1735,-80,5,915600000
1736,-79,5,915200000
1737,-80,5,915800000
1738,-80,5,916000000
1739,-80,5,916200000
1740,-79,5,915600000
1741,-84,5,915400000
1742,-84,5,916400000
1743,-84,5,916200000
1744,-80,5,915800000
1745,-80,5,915600000
1746,-86,5,916000000
1747,Sem resposta,5,915200000
1748,-78,5,916400000
1749,-78,5,915400000
1751,Sem resposta,5,916400000
1752,-75,5,915400000
1753,-76,5,915200000
1754,-78,5,915800000
1755,-77,5,916000000
1756,-77,5,916200000
1757,-76,5,915400000
1758,-75,5,916000000
1759,-75,5,915200000
1760,-76,5,915600000
1761,-76,5,915800000
1762,-76,5,916400000
1763,-77,5,916200000
1764,-77,5,916400000
1765,-77,5,916200000
1766,-77,5,915200000
1767,-76,5,916000000
1768,-76,5,915800000
1769,-77,5,915600000
1770,-78,5,915400000
1771,-78,5,916000000
1772,-77,5,916200000
1773,-78,5,915800000
1774,-77,5,915600000
1775,-77,5,915200000
1776,-76,5,916400000
1777,-79,5,915400000
1778,Sem resposta,5,915600000
1779,-81,5,916400000
1780,-79,5,915800000
1781,-80,5,915400000
1782,-79,5,916000000
1783,-80,5,916200000
1784,-79,5,915200000
1785,-79,5,916200000
1786,-81,5,915200000
1787,-77,5,915800000
1789,Sem resposta,5,916000000
1790,-79,5,915600000
1791,Sem resposta,5,916400000
1792,-79,5,916000000
1793,-78,5,915600000
1794,-78,5,915800000
1795,-78,5,916200000
1796,-78,5,915200000
1797,-79,5,915400000
1798,-76,5,916400000
1799,-78,5,916000000
1800,-79,5,915400000
1801,-77,5,915200000
1802,-78,5,915800000
1803,-79,5,915600000
1804,-79,5,916400000
1805,-77,5,916200000
1806,-78,5,916400000
1807,-78,5,915600000
1808,-78,5,915800000
1809,-78,5,915200000
1810,-77,5,915400000
1811,Sem resposta,5,916200000
1812,Sem resposta,5,916000000
1813,-77,5,915800000
1814,-77,5,916200000
1815,-76,5,915600000
1816,-77,5,915200000
1817,-77,5,915400000
1818,-76,5,916400000
1819,-77,5,916000000
1820,-77,5,915600000
1821,-77,5,915800000
1822,-77,5,916400000
1823,-77,5,916200000
1824,-78,5,915400000
1825,-76,5,916000000
1826,-79,5,915200000
1827,-76,5,915200000
1828,-77,5,916200000
1829,-77,5,916000000
1830,-78,5,915600000
1831,-78,5,915400000
1832,-76,5,915800000
1834,Sem resposta,5,916000000
1835,-78,5,915600000
1836,-76,5,916400000
1837,-76,5,915200000
1838,-78,5,915400000
1839,-77,5,915800000
1840,-78,5,916200000
1841,-78,5,916400000
1842,-78,5,915800000
1843,-76,5,915400000
1844,-77,5,915200000
1845,-77,5,916200000
1846,-77,5,915600000
1847,-77,5,916000000
1848,-79,5,916400000
1849,-80,5,915400000
1850,-78,5,915600000
1851,-79,5,916000000
1852,-78,5,915200000
1853,-76,5,916200000
1854,-78,5,915800000
1855,-75,5,916400000
1856,-77,5,916000000
1857,-78,5,916200000
1858,-75,5,915400000
1859,-70,5,915800000
1860,-73,5,915200000
1861,-73,5,915600000
1862,-73,5,915200000
1863,-71,5,915800000
1864,-73,5,916400000
1865,-71,5,915600000
1866,-70,5,916000000
1867,-71,5,915400000
1868,-71,5,916200000
1869,Sem resposta,5,915400000
1870,-71,5,916400000
1871,-73,5,915800000
1872,-70,5,916200000
1873,-74,5,916000000
1874,-73,5,915200000
1875,-71,5,915600000
1876,Sem resposta,5,915800000
1877,-82,5,915400000
1878,-88,5,916400000
1879,-82,5,916200000
1880,-77,5,915200000
1881,-77,5,915600000
1882,-78,5,916000000
1883,-88,5,915400000
1884,-84,5,915800000
1885,-78,5,916000000
1886,-75,5,915600000
1887,-76,5,916200000
1888,-84,5,915200000
1889,-85,5,916400000
1890,-90,5,916400000
1891,-82,5,915600000
1892,-95,5,916000000
1893,-91,5,915400000
1894,-93,5,916200000
1895,-92,5,915800000
1896,-91,5,915200000
1897,-96,5,915600000
1898,-99,5,916400000
1899,-99,5,915800000
1901,Sem resposta,5,916200000
1902,-107,5,916000000
1903,Sem resposta,5,915400000
1904,-100,5,916000000
1906,Sem resposta,5,916400000
1907,-110,5,915800000
1908,-103,5,915200000
1909,-108,5,916200000
1910,-101,5,915600000
1912,Sem resposta,5,915800000
1913,-103,5,915600000
1914,-95,5,916200000
1915,-97,5,916400000
1916,-97,5,915400000
1917,-103,5,915200000
1918,-107,5,916000000
1919,-100,5,916400000
1920,-96,5,916200000
1921,-95,5,915400000
1922,-95,5,915800000
1923,-100,5,915600000
1924,-92,5,915200000
1925,-96,5,916200000
1926,-88,5,916400000
1927,-86,5,915400000
1928,-100,5,915200000
1929,-87,5,916000000
1930,-83,5,915600000
1931,-88,5,915800000
1932,-92,5,916000000
1933,-90,5,916200000
1934,-77,5,915400000
1935,-82,5,916400000
1936,-80,5,915200000
1937,-85,5,915800000
1938,-94,5,915600000
1939,-86,5,916200000
1940,-85,5,915400000
1941,-87,5,916400000
1942,-85,5,915600000
1943,-78,5,915800000
1944,-79,5,915200000
1945,-98,5,916000000
1946,-96,5,915200000
1947,-95,5,916200000
1948,-90,5,915400000
1949,-86,5,915800000
1950,-90,5,916000000
1951,-90,5,916400000
1952,-101,5,915600000
1953,-90,5,915600000
1954,-88,5,916000000
1955,-90,5,916200000
1956,-95,5,916400000
1957,-97,5,915800000
1958,-87,5,915200000
1959,-98,5,915400000
1960,-96,5,916400000
1961,-87,5,916000000
1962,-83,5,916200000
1963,-84,5,915800000
1964,-80,5,915400000
1965,-84,5,915200000
1966,-87,5,915600000
1968,Sem resposta,5,915800000
1969,-86,5,915600000
1970,-94,5,916000000
1971,-98,5,915200000
1972,-97,5,915400000
1973,-85,5,916400000
1974,-93,5,915600000
1975,-90,5,915200000
1976,-90,5,916400000
1977,-91,5,915400000
1978,-93,5,916000000
1979,Sem resposta,5,916200000
1980,-85,5,915800000
1981,-97,5,915400000
1982,-95,5,915800000
1983,-94,5,915200000
1984,Sem resposta,5,915600000
1985,-98,5,916400000
1987,Sem resposta,5,916000000
1988,-91,5,915200000
1989,-93,5,915600000
1990,-91,5,916400000
1991,-91,5,916000000
1992,-88,5,916200000
1993,-90,5,915800000
1994,-92,5,915400000
1995,-101,5,916200000
1996,-94,5,915200000
1997,-99,5,915600000
1998,-95,5,916000000
1999,-93,5,915800000
2000,-101,5,915400000
2001,-99,5,916400000
2002,-98,5,915400000
2003,-94,5,915800000
2004,-95,5,916000000
2005,-90,5,915200000
2006,-94,5,916400000
2007,-97,5,916200000
2008,-90,5,915600000
2009,-99,5,916200000
2010,-102,5,915600000
2011,-92,5,915200000
2012,-93,5,915400000
2013,-92,5,915800000
2014,-93,5,916400000
2015,-90,5,916000000
2016,-94,5,916000000
2017,-92,5,915400000
2018,-100,5,916200000
2019,-95,5,916400000
2020,-96,5,915600000
2021,-105,5,915200000
2022,-96,5,915800000
2023,-96,5,915200000
2024,-101,5,916200000
2025,-93,5,916400000
2026,-94,5,915600000
2027,-95,5,915400000
2028,-95,5,916000000
2029,-87,5,915800000
2030,-90,5,915600000
2031,-90,5,916200000
2032,-87,5,916000000
2033,-88,5,915200000
2034,-92,5,915400000
2035,-93,5,915800000
2036,-96,5,916400000
2037,-91,5,916200000
2038,-91,5,916000000
2039,-92,5,915800000
2040,-94,5,916400000
2041,-92,5,915400000
2042,-91,5,915200000
2043,-96,5,915600000
2044,-94,5,916000000
2045,-90,5,916400000
2046,-91,5,915400000
2047,Sem resposta,5,916200000
2048,Sem resposta,5,915600000
2049,Sem resposta,5,915800000
2050,-92,5,915200000
2051,-99,5,915200000
2052,-98,5,915600000
2053,-98,5,916000000
2054,-96,5,915800000
2055,-100,5,916200000
2056,-98,5,915400000
2057,Sem resposta,5,916400000
2058,-96,5,916200000
2059,-93,5,916400000
2060,-94,5,916000000
2061,Sem resposta,5,915400000
2062,-104,5,915200000
2063,-100,5,915600000
2064,-97,5,915800000
2065,-94,5,915800000
2066,-99,5,916200000
2067,-103,5,915200000
2068,-101,5,916400000
2069,-93,5,916000000
2070,Sem resposta,5,915400000
2071,-93,5,915600000
2072,-91,5,915800000
2073,-90,5,915400000
2074,-93,5,915200000
2075,-101,5,916200000
2076,-96,5,915600000
2077,-86,5,916000000
2078,-87,5,916400000
2079,-87,5,915200000
2081,Sem resposta,5,916200000
2082,-87,5,916000000
2083,-85,5,916400000
2084,-90,5,915400000
2085,-87,5,915600000
2086,-95,5,916000000
2087,-94,5,915400000
2088,-93,5,915800000
2089,-94,5,915200000
2090,-99,5,916200000
2091,-96,5,915600000
2092,Sem resposta,5,916400000
2093,-103,5,916200000
2094,-88,5,915200000
2095,-88,5,915600000
2096,-98,5,915400000
2097,-93,5,915800000
2098,-93,5,916400000
2099,-92,5,916000000
2100,-92,5,915600000
2101,-87,5,916000000
2102,-90,5,915200000
2103,-97,5,916200000
2104,-87,5,915800000
2105,-91,5,916400000
2106,-87,5,915400000
2107,-91,5,916000000
2108,-90,5,916400000
2109,-87,5,915800000
2110,-92,5,915400000
2111,-95,5,915200000
2112,-94,5,915600000
2113,-90,5,916200000
2114,-88,5,916200000
2115,Sem resposta,5,916000000
2116,-101,5,916400000
2117,-87,5,915400000
2118,-96,5,915200000
2119,-95,5,915600000
2120,-91,5,915800000
2121,-85,5,915400000
2122,-91,5,915800000
2123,-90,5,915200000
2124,-87,5,915600000
2125,-84,5,916000000
2126,Sem resposta,5,916200000
2127,-96,5,916400000
2128,-92,5,916400000
2129,-81,5,915800000
2130,-85,5,915400000
2131,-98,5,916000000
2132,-92,5,915200000
2133,-87,5,915600000
2135,Sem resposta,5,915800000
2136,-95,5,916000000
2137,-95,5,915600000
2139,Sem resposta,5,916400000
2141,Sem resposta,5,916200000
2143,Sem resposta,5,915400000
2146,Sem resposta,5,916000000
2147,-98,5,915800000
2149,Sem resposta,5,916200000
2150,-100,5,915600000
2151,-97,5,915800000
2152,-98,5,915200000
2153,-94,5,916000000
2154,-98,5,915400000
2155,-85,5,916400000
2156,-91,5,916400000
2157,-103,5,915800000
2158,-98,5,915200000
2159,-93,5,916000000
2160,Sem resposta,5,916200000
2161,-101,5,915600000
2162,-91,5,915400000
2163,-87,5,915200000
2164,-88,5,915600000
2165,-92,5,915400000
2166,-94,5,916000000
2167,-90,5,915800000
2168,-85,5,916200000
2169,-87,5,916400000
2170,-102,5,915200000
2171,-88,5,915400000
2172,-98,5,916400000
2173,-85,5,915600000
2175,Sem resposta,5,916200000
2176,-95,5,915800000
2177,-91,5,915600000
2178,-95,5,916400000
2179,-99,5,915200000
2180,-87,5,916200000
2181,-92,5,916000000
2182,-95,5,915400000
2183,-92,5,915800000
2184,-84,5,915200000
2185,-105,5,915400000
2186,-96,5,915600000
2187,-94,5,916200000
2188,-94,5,915800000
2189,-87,5,916400000
2190,-91,5,916000000
2191,-99,5,915200000
2192,-92,5,916200000
2193,-88,5,915600000
2194,-86,5,916000000
2195,-90,5,915800000
2196,-93,5,916400000
2197,-87,5,915400000
2198,-93,5,915200000
2199,-94,5,916000000
2200,-100,5,915600000
2201,-99,5,915800000
2202,-83,5,916400000
2203,-90,5,915400000
2204,-90,5,916200000
2205,-91,5,915600000
2206,-88,5,915400000
2207,-91,5,916000000
2208,-88,5,915200000
2209,-91,5,916400000
2210,-84,5,916200000
2211,-92,5,915800000
2212,-83,5,915400000
2213,-95,5,915600000
2214,-83,5,915200000
2215,-96,5,916200000
2216,-93,5,916000000
2217,-96,5,915800000
2218,-97,5,916400000
2219,-96,5,915600000
2220,-99,5,916000000
2221,-90,5,916400000
2222,-95,5,915400000
2223,-94,5,915800000
2224,-91,5,915200000
2225,-90,5,916200000
2226,-87,5,915400000
2227,-103,5,915600000
2228,-91,5,915800000
2229,-90,5,916000000
2230,-90,5,916200000
2231,-90,5,915200000
2232,Sem resposta,5,916400000
2233,-93,5,916000000
2234,Sem resposta,5,915600000
2235,Sem resposta,5,916200000
2237,Sem resposta,5,915200000
2238,-99,5,915800000
2239,-103,5,915400000
2240,-106,5,915400000
2241,-95,5,916000000
2242,-94,5,916200000
2243,-95,5,915800000
2245,Sem resposta,5,915600000
2246,-96,5,915200000
2247,-93,5,915200000
2248,-97,5,915600000
2249,-93,5,916200000
2250,-94,5,916000000
2251,-93,5,916400000
2252,-100,5,915800000
2253,-94,5,915400000
2254,-92,5,916200000
2255,-92,5,915600000
2256,-93,5,916400000
2257,-91,5,915400000
2258,-90,5,915200000
2260,Sem resposta,5,916000000
2261,Sem resposta,5,915600000
2262,-88,5,916200000
2263,-101,5,916400000
2264,-101,5,916000000
2265,-91,5,915400000
2266,-94,5,915200000
2267,-95,5,915800000
2268,-86,5,915400000
2269,-91,5,916400000
2270,-88,5,916000000
2271,-93,5,916200000
2272,-95,5,915600000
2273,-93,5,915800000
2274,-93,5,915200000
2275,-98,5,916200000
2276,-101,5,915800000
2277,-97,5,915200000
2278,-100,5,916000000
2279,-97,5,915400000
2280,-95,5,915600000
2281,-99,5,916400000
2282,-98,5,915600000
2283,-95,5,915200000
2284,-104,5,915800000
2285,-92,5,915400000
2286,-96,5,916000000
2287,-90,5,916200000
2288,-87,5,916400000
2289,-87,5,915800000
2290,-91,5,916200000
2291,-91,5,916000000
2292,-87,5,916400000
2293,-92,5,915200000
2294,-96,5,915400000
2295,-93,5,915600000
2296,-84,5,916000000
2298,Sem resposta,5,915400000
2299,-91,5,915800000
2300,-90,5,915600000
2301,-90,5,916400000
2302,-95,5,915200000
2303,-93,5,916400000
2304,-93,5,915600000
2305,-90,5,915200000
2306,-92,5,916000000
2307,-91,5,916200000
2308,-95,5,915400000
2309,-94,5,915800000
2310,-96,5,916400000
2311,-95,5,915200000
2312,-92,5,915800000
2313,-93,5,915600000
2314,-92,5,916000000
2315,-91,5,916200000
2316,-91,5,915400000
2317,-92,5,916400000
2318,-95,5,915600000
2319,-92,5,915200000
2320,-91,5,916200000
2321,-96,5,915800000
2322,-93,5,916000000
2323,-90,5,915400000
2324,-92,5,916400000
2325,-96,5,915800000
2326,-96,5,916000000
2327,-96,5,916200000
2328,-91,5,915200000
2329,-100,5,915600000
2330,-90,5,915400000
2331,-92,5,915400000
2332,-96,5,915200000
2333,-91,5,915800000
2334,-94,5,916000000
2335,-88,5,915600000
2336,-93,5,916200000
2337,-92,5,916400000
2338,-91,5,916200000
2339,-100,5,915400000
2340,-97,5,915600000
2341,-100,5,915200000
2342,-101,5,916000000
2343,-98,5,915800000
2344,-98,5,916400000
2345,-100,5,916400000
2346,-99,5,915400000
2347,-99,5,915800000
2348,-102,5,916200000
2349,-109,5,916000000
2350,-103,5,915600000
2351,-100,5,915200000
2352,-100,5,915800000
2353,-96,5,915600000
2354,-94,5,915200000
2355,-91,5,916200000
2356,Sem resposta,5,916400000
2357,-93,5,915400000
2358,-91,5,916000000
2359,-93,5,916400000
2360,-93,5,915200000
2361,-91,5,915400000
2362,-92,5,915800000
2363,-94,5,916000000
2364,-94,5,916200000
2365,-93,5,915600000
2366,-91,5,916200000
2367,-94,5,915600000
2368,-91,5,916000000
2369,-95,5,915400000
2370,-94,5,915200000
2372,Sem resposta,5,916400000
2373,-104,5,916200000
2374,-91,5,916000000
2376,Sem resposta,5,916400000
2377,-91,5,915400000
2378,Sem resposta,5,915800000
2379,-98,5,915600000
2381,Sem resposta,5,915800000
2382,-102,5,915200000
2383,-91,5,916200000
2384,-90,5,916000000
2385,-96,5,915600000
2386,-95,5,916400000
2387,-107,5,915400000
2388,-101,5,916000000
2389,-92,5,916200000
2390,-87,5,915800000
