fCnt,freq,bw,sf,cr,rssi,channel,timestamp
0,916400000,125,7,4/5,-34,6,715449204
1,915600000,125,7,4/5,-29,2,716523211
2,915400000,125,7,4/5,-36,1,717599227
3,916200000,125,7,4/5,-31,5,718675244
4,916000000,125,7,4/5,-33,4,719751267
5,915800000,125,7,4/5,-24,3,720827275
6,915200000,125,7,4/5,-30,0,721903299
7,915600000,125,7,4/5,-35,2,722979307
8,915800000,125,7,4/5,-42,3,724055323
9,916400000,125,7,4/5,-46,6,725131340
10,915400000,125,7,4/5,-41,1,726207355
11,915200000,125,7,4/5,-37,0,727283371
12,916000000,125,7,4/5,-40,4,728359387
13,916200000,125,7,4/5,-37,5,729435404
14,916200000,125,7,4/5,-36,5,730511420
15,915400000,125,7,4/5,-37,1,731587435
16,916000000,125,7,4/5,-36,4,732663451
17,915200000,125,7,4/5,-37,0,733739467
18,915800000,125,7,4/5,-35,3,734815475
19,915600000,125,7,4/5,-37,2,735891499
20,916400000,125,7,4/5,-52,6,736967516
21,916000000,125,7,4/5,-57,4,738043531
22,915200000,125,7,4/5,-37,0,739119547
23,915800000,125,7,4/5,-47,3,740195555
24,915400000,125,7,4/5,-53,1,741271571
25,916400000,125,7,4/5,-50,6,742347588
26,916200000,125,7,4/5,-61,5,743423612
27,915600000,125,7,4/5,-53,2,744499619
28,915600000,125,7,4/5,-54,2,745575635
29,915400000,125,7,4/5,-51,1,746651651
30,916200000,125,7,4/5,-53,5,747727668
31,916400000,125,7,4/5,-58,6,748803684
32,915800000,125,7,4/5,-63,3,749879699
33,915200000,125,7,4/5,-78,0,750955723
34,916000000,125,7,4/5,-59,4,752031739
35,915200000,125,7,4/5,-67,0,753107755
36,915800000,125,7,4/5,-60,3,754183763
37,916200000,125,7,4/5,-61,5,755259780
38,916000000,125,7,4/5,-65,4,756335803
39,916400000,125,7,4/5,-67,6,757411812
40,915600000,125,7,4/5,-64,2,758487827
41,915400000,125,7,4/5,-72,1,759563843
42,916000000,125,7,4/5,-68,4,760639867
43,915800000,125,7,4/5,-52,3,761715875
44,915400000,125,7,4/5,-61,1,762791891
45,915200000,125,7,4/5,-61,0,763867915
46,916200000,125,7,4/5,-63,5,764943924
47,916400000,125,7,4/5,-73,6,766019940
48,915600000,125,7,4/5,-64,2,767095955
49,916200000,125,7,4/5,-56,5,768171972
50,916400000,125,7,4/5,-59,6,769247988
51,915200000,125,7,4/5,-59,0,770324011
52,915400000,125,7,4/5,-61,1,771400019
53,915600000,125,7,4/5,-55,2,772476035
54,915800000,125,7,4/5,-69,3,773552051
55,916000000,125,7,4/5,-58,4,774628075
56,916200000,125,7,4/5,-63,5,775704084
57,916000000,125,7,4/5,-63,4,776780107
58,916400000,125,7,4/5,-69,6,777856116
59,915600000,125,7,4/5,-61,2,778932131
60,915400000,125,7,4/5,-71,1,780008147
61,915800000,125,7,4/5,-60,3,781084163
62,915200000,125,7,4/5,-61,0,782160187
63,915800000,125,7,4/5,-60,3,783236195
64,916000000,125,7,4/5,-60,4,784312219
65,915200000,125,7,4/5,-61,0,785388235
66,916200000,125,7,4/5,-53,5,786464244
67,916400000,125,7,4/5,-57,6,787540260
68,915400000,125,7,4/5,-67,1,788616275
69,915600000,125,7,4/5,-51,2,789692291
70,915800000,125,7,4/5,-52,3,790768307
71,916200000,125,7,4/5,-60,5,791844324
72,916000000,125,7,4/5,-58,4,792920339
73,915200000,125,7,4/5,-56,0,793996355
74,916400000,125,7,4/5,-51,6,795072372
75,915400000,125,7,4/5,-61,1,796148387
76,915600000,125,7,4/5,-63,2,797224403
77,915600000,125,7,4/5,-55,2,798300419
78,915800000,125,7,4/5,-48,3,799376427
79,916200000,125,7,4/5,-48,5,800452452
80,915200000,125,7,4/5,-57,0,801528467
81,915400000,125,7,4/5,-51,1,802604483
82,916000000,125,7,4/5,-51,4,803680499
83,916400000,125,7,4/5,-58,6,804756508
84,916200000,125,7,4/5,-50,5,805832532
85,915200000,125,7,4/5,-57,0,806908547
86,915800000,125,7,4/5,-55,3,807984555
87,916400000,125,7,4/5,-48,6,809060572
88,915400000,125,7,4/5,-45,1,810136587
89,916000000,125,7,4/5,-57,4,811212603
90,915600000,125,7,4/5,-41,2,812288619
91,915200000,125,7,4/5,-43,0,813364635
92,916400000,125,7,4/5,-42,6,814440652
93,916000000,125,7,4/5,-50,4,816800683
94,915800000,125,7,4/5,-65,3,817876691
95,915600000,125,7,4/5,-51,2,818952715
96,915400000,125,7,4/5,-59,1,820028731
97,916200000,125,7,4/5,-54,5,821104748
98,915600000,125,7,4/5,-52,2,822180755
99,915400000,125,7,4/5,-57,1,823256771
100,916000000,125,7,4/5,-57,4,824332795
101,915200000,125,7,4/5,-60,0,825408811
102,916400000,125,7,4/5,-60,6,826484820
103,915800000,125,7,4/5,-52,3,827560835
104,916200000,125,7,4/5,-51,5,828636860
105,915800000,125,7,4/5,-54,3,829712859
106,915400000,125,7,4/5,-55,1,830788883
107,916400000,125,7,4/5,-55,6,831864892
108,916200000,125,7,4/5,-54,5,832940908
109,915600000,125,7,4/5,-54,2,834016923
110,916000000,125,7,4/5,-55,4,835092939
111,915200000,125,7,4/5,-54,0,836168955
112,915800000,125,7,4/5,-54,3,837244963
113,915200000,125,7,4/5,-55,0,838320987
114,915600000,125,7,4/5,-53,2,839396995
115,916400000,125,7,4/5,-59,6,840473012
116,916200000,125,7,4/5,-58,5,841549028
117,915400000,125,7,4/5,-55,1,842625043
118,916000000,125,7,4/5,-60,4,843701059
119,915600000,125,7,4/5,-57,2,844777067
120,916000000,125,7,4/5,-59,4,845853091
121,916400000,125,7,4/5,-54,6,846929100
123,916200000,125,7,4/5,-52,5,851021420
124,915800000,125,7,4/5,-53,3,852097163
125,915200000,125,7,4/5,-55,0,853173187
126,916200000,125,7,4/5,-53,5,854249204
127,916000000,125,7,4/5,-55,4,855325219
128,915800000,125,7,4/5,-55,3,856401227
129,915200000,125,7,4/5,-55,0,857477243
130,915600000,125,7,4/5,-53,2,858553259
131,916400000,125,7,4/5,-54,6,859629268
132,915400000,125,7,4/5,-54,1,860705283
133,916200000,125,7,4/5,-54,5,861781300
134,915400000,125,7,4/5,-55,1,862857315
135,915800000,125,7,4/5,-53,3,863933323
136,916400000,125,7,4/5,-51,6,865009340
137,916000000,125,7,4/5,-54,4,866085363
138,915600000,125,7,4/5,-55,2,867161371
139,915200000,125,7,4/5,-55,0,868237387
140,916000000,125,7,4/5,-55,4,869313403
141,916400000,125,7,4/5,-50,6,870389412
142,916200000,125,7,4/5,-51,5,873405724
143,915600000,125,7,4/5,-53,2,874481467
144,915800000,125,7,4/5,-54,3,875557483
145,915400000,125,7,4/5,-58,1,876633499
146,915200000,125,7,4/5,-55,0,877709515
147,916000000,125,7,4/5,-52,4,878785531
148,915800000,125,7,4/5,-53,3,879861539
149,915600000,125,7,4/5,-57,2,880937555
150,915400000,125,7,4/5,-52,1,882013571
151,916200000,125,7,4/5,-53,5,883089588
152,915200000,125,7,4/5,-57,0,884165603
153,916400000,125,7,4/5,-61,6,885241612
154,915800000,125,7,4/5,-54,3,886317627
155,915200000,125,7,4/5,-62,0,887393643
156,916000000,125,7,4/5,-58,4,888469659
157,915600000,125,7,4/5,-54,2,889545675
158,915400000,125,7,4/5,-54,1,890621691
159,916400000,125,7,4/5,-52,6,891697700
160,916200000,125,7,4/5,-53,5,892773716
161,915200000,125,7,4/5,-55,0,893849731
162,916200000,125,7,4/5,-45,5,894925748
163,916000000,125,7,4/5,-66,4,896001763
164,916400000,125,7,4/5,-52,6,897077772
165,915800000,125,7,4/5,-59,3,898153787
166,915400000,125,7,4/5,-52,1,899229803
167,915600000,125,7,4/5,-48,2,900305819
168,916000000,125,7,4/5,-48,4,901381835
169,915800000,125,7,4/5,-49,3,902457843
170,916200000,125,7,4/5,-47,5,903533860
171,916400000,125,7,4/5,-54,6,904609876
172,915600000,125,7,4/5,-47,2,905685891
173,915400000,125,7,4/5,-48,1,906761907
174,915200000,125,7,4/5,-51,0,907837923
175,915400000,125,7,4/5,-46,1,908913931
176,915600000,125,7,4/5,-47,2,909989947
177,916200000,125,7,4/5,-47,5,911065964
178,916000000,125,7,4/5,-49,4,912141979
179,916400000,125,7,4/5,-46,6,913217988
180,915800000,125,7,4/5,-52,3,914294003
181,915200000,125,7,4/5,-48,0,915370027
182,916400000,125,7,4/5,-47,6,916446036
183,915200000,125,7,4/5,-51,0,917522051
184,915600000,125,7,4/5,-46,2,918598067
185,915800000,125,7,4/5,-48,3,919674075
186,916000000,125,7,4/5,-49,4,920750099
187,916200000,125,7,4/5,-48,5,921826108
188,915400000,125,7,4/5,-48,1,922902123
189,916200000,125,7,4/5,-53,5,923978140
190,916400000,125,7,4/5,-48,6,925054148
191,915400000,125,7,4/5,-50,1,926130163
192,916000000,125,7,4/5,-49,4,927206187
193,915200000,125,7,4/5,-48,0,928282195
194,915800000,125,7,4/5,-45,3,929358203
195,915600000,125,7,4/5,-51,2,930434219
196,915800000,125,7,4/5,-51,3,931510235
197,916200000,125,7,4/5,-49,5,932586252
198,915200000,125,7,4/5,-52,0,933662267
199,916400000,125,7,4/5,-48,6,934738284
200,916000000,125,7,4/5,-49,4,935814299
201,915600000,125,7,4/5,-47,2,936890307
202,915400000,125,7,4/5,-46,1,937966323
203,915200000,125,7,4/5,-47,0,939042339
204,915400000,125,7,4/5,-47,1,940118355
205,916000000,125,7,4/5,-48,4,941194371
206,916200000,125,7,4/5,-46,5,942270388
207,915800000,125,7,4/5,-48,3,943346395
208,915600000,125,7,4/5,-45,2,944422411
209,916400000,125,7,4/5,-48,6,945498428
210,916200000,125,7,4/5,-47,5,946574444
211,915800000,125,7,4/5,-45,3,947650451
212,915400000,125,7,4/5,-44,1,948726475
213,915200000,125,7,4/5,-45,0,949802491
214,916400000,125,7,4/5,-47,6,950878500
215,915600000,125,7,4/5,-45,2,951954515
216,916000000,125,7,4/5,-46,4,953030531
217,915800000,125,7,4/5,-46,3,954106539
218,915600000,125,7,4/5,-46,2,955182555
219,916400000,125,7,4/5,-47,6,956258572
220,915200000,125,7,4/5,-46,0,957334587
221,915400000,125,7,4/5,-51,1,958410603
222,916200000,125,7,4/5,-47,5,959486620
223,916000000,125,7,4/5,-47,4,960562635
224,915400000,125,7,4/5,-46,1,963578939
225,916400000,125,7,4/5,-45,6,964654684
226,915200000,125,7,4/5,-47,0,965730707
227,916200000,125,7,4/5,-46,5,966806724
228,915800000,125,7,4/5,-47,3,967882731
229,915600000,125,7,4/5,-45,2,968958747
230,916000000,125,7,4/5,-47,4,970034763
231,915600000,125,7,4/5,-46,2,971110779
232,915800000,125,7,4/5,-45,3,972186787
233,916200000,125,7,4/5,-46,5,973262812
234,915400000,125,7,4/5,-46,1,974338827
235,916000000,125,7,4/5,-48,4,975414843
236,915200000,125,7,4/5,-47,0,976490859
237,916400000,125,7,4/5,-48,6,977566868
238,915800000,125,7,4/5,-48,3,978642875
239,916000000,125,7,4/5,-48,4,979718899
240,915400000,125,7,4/5,-46,1,980794915
241,915600000,125,7,4/5,-47,2,981870923
242,916200000,125,7,4/5,-46,5,982946940
243,916400000,125,7,4/5,-51,6,984022956
244,915200000,125,7,4/5,-48,0,985098971
245,915600000,125,7,4/5,-45,2,986174987
246,915400000,125,7,4/5,-46,1,987251003
247,916000000,125,7,4/5,-48,4,988327019
248,916400000,125,7,4/5,-45,6,989403028
249,916200000,125,7,4/5,-46,5,990479044
250,915200000,125,7,4/5,-49,0,991555059
251,915800000,125,7,4/5,-49,3,992631075
252,916000000,125,7,4/5,-49,4,993707091
253,915200000,125,7,4/5,-47,0,994783107
254,916400000,125,7,4/5,-47,6,995859116
255,915800000,125,7,4/5,-45,3,996935131
256,916200000,125,7,4/5,-61,5,998011148
257,915400000,125,7,4/5,-45,1,999087171
258,915600000,125,7,4/5,-43,2,1000163179
259,915600000,125,7,4/5,-39,2,1001239195
260,915400000,125,7,4/5,-45,1,1002315203
261,915800000,125,7,4/5,-42,3,1003391219
262,916200000,125,7,4/5,-40,5,1004467236
263,916000000,125,7,4/5,-52,4,1005543259
264,916400000,125,7,4/5,-43,6,1006619268
265,915200000,125,7,4/5,-43,0,1007695283
266,915600000,125,7,4/5,-35,2,1008771291
267,915200000,125,7,4/5,-34,0,1009847315
268,916400000,125,7,4/5,-35,6,1010923324
269,915400000,125,7,4/5,-40,1,1011999339
270,916000000,125,7,4/5,-47,4,1013075355
271,916200000,125,7,4/5,-52,5,1014151372
272,915800000,125,7,4/5,-48,3,1015227379
273,915600000,125,7,4/5,-39,2,1016303395
274,915200000,125,7,4/5,-47,0,1017379419
275,915800000,125,7,4/5,-63,3,1018455427
276,915400000,125,7,4/5,-42,1,1019531443
277,916200000,125,7,4/5,-57,5,1020607460
278,916000000,125,7,4/5,-49,4,1021683475
279,916400000,125,7,4/5,-53,6,1022759484
280,915200000,125,7,4/5,-51,0,1023835507
281,916200000,125,7,4/5,-65,5,1024911516
282,915400000,125,7,4/5,-57,1,1025987531
283,916000000,125,7,4/5,-55,4,1027063547
284,916400000,125,7,4/5,-61,6,1028139564
285,915600000,125,7,4/5,-55,2,1029215579
286,915800000,125,7,4/5,-69,3,1030291587
287,915600000,125,7,4/5,-59,2,1031367603
288,916000000,125,7,4/5,-58,4,1032443627
289,916200000,125,7,4/5,-54,5,1033519636
290,915800000,125,7,4/5,-61,3,1034595651
291,915200000,125,7,4/5,-65,0,1035671667
292,915400000,125,7,4/5,-55,1,1036747683
293,916400000,125,7,4/5,-48,6,1037823700
294,915200000,125,7,4/5,-77,0,1038899715
295,915400000,125,7,4/5,-63,1,1039975731
296,916000000,125,7,4/5,-72,4,1041051747
297,915600000,125,7,4/5,-69,2,1042127755
298,916400000,125,7,4/5,-69,6,1043203772
299,915800000,125,7,4/5,-72,3,1044279787
300,916200000,125,7,4/5,-69,5,1045355804
301,915400000,125,7,4/5,-64,1,1046431819
302,915600000,125,7,4/5,-67,2,1047507835
303,915200000,125,7,4/5,-69,0,1048583851
304,916400000,125,7,4/5,-73,6,1049659868
305,915800000,125,7,4/5,-71,3,1050735875
306,916000000,125,7,4/5,-77,4,1051811899
307,916200000,125,7,4/5,-63,5,1052887916
308,915400000,125,7,4/5,-68,1,1053963923
309,915800000,125,7,4/5,-81,3,1055039939
310,916400000,125,7,4/5,-82,6,1056115956
311,916000000,125,7,4/5,-82,4,1057191971
312,915600000,125,7,4/5,-75,2,1058267987
313,916200000,125,7,4/5,-77,5,1059344004
314,915200000,125,7,4/5,-77,0,1060420019
315,915400000,125,7,4/5,-73,1,1061496035
316,916200000,125,7,4/5,-83,5,1062572052
317,915600000,125,7,4/5,-66,2,1063648067
318,915800000,125,7,4/5,-85,3,1064724083
319,916400000,125,7,4/5,-72,6,1065800100
320,915200000,125,7,4/5,-83,0,1066876115
321,916000000,125,7,4/5,-83,4,1067952131
322,915800000,125,7,4/5,-76,3,1069028139
323,916000000,125,7,4/5,-75,4,1070104163
324,916400000,125,7,4/5,-83,6,1071180172
325,915200000,125,7,4/5,-71,0,1072256195
326,915600000,125,7,4/5,-77,2,1073332203
327,915400000,125,7,4/5,-69,1,1074408219
328,916200000,125,7,4/5,-76,5,1075484236
329,916000000,125,7,4/5,-72,4,1076560259
330,915400000,125,7,4/5,-82,1,1077636267
331,915600000,125,7,4/5,-90,2,1078712283
332,916400000,125,7,4/5,-79,6,1079788300
333,915800000,125,7,4/5,-72,3,1080864315
334,915200000,125,7,4/5,-75,0,1081940339
335,916200000,125,7,4/5,-81,5,1083016348
336,916200000,125,7,4/5,-75,5,1084092364
337,916400000,125,7,4/5,-76,6,1085168380
338,915600000,125,7,4/5,-83,2,1086244395
339,916000000,125,7,4/5,-78,4,1087320411
340,915200000,125,7,4/5,-75,0,1088396427
341,915400000,125,7,4/5,-71,1,1089472443
342,915800000,125,7,4/5,-72,3,1090548459
343,916400000,125,7,4/5,-65,6,1091624476
344,916200000,125,7,4/5,-69,5,1092700492
345,915200000,125,7,4/5,-54,0,1093776507
346,915600000,125,7,4/5,-60,2,1094852523
347,915800000,125,7,4/5,-71,3,1095928539
348,915400000,125,7,4/5,-64,1,1097004555
349,916000000,125,7,4/5,-70,4,1098080579
350,915600000,125,7,4/5,-60,2,1099156587
351,915400000,125,7,4/5,-61,1,1100232603
352,916400000,125,7,4/5,-77,6,1101308620
353,915800000,125,7,4/5,-69,3,1102384635
354,916200000,125,7,4/5,-69,5,1103460652
355,916000000,125,7,4/5,-73,4,1104536675
356,915200000,125,7,4/5,-89,0,1105612691
357,915400000,125,7,4/5,-77,1,1106688699
358,915200000,125,7,4/5,-71,0,1107764723
359,915600000,125,7,4/5,-77,2,1108840731
360,916400000,125,7,4/5,-75,6,1109916748
361,915800000,125,7,4/5,-70,3,1110992763
362,916200000,125,7,4/5,-67,5,1112068788
363,916000000,125,7,4/5,-77,4,1113144803
364,916400000,125,7,4/5,-75,6,1114220812
365,915600000,125,7,4/5,-70,2,1115296827
366,915800000,125,7,4/5,-72,3,1116372843
367,916200000,125,7,4/5,-81,5,1117448924
368,915400000,125,7,4/5,-78,1,1118524883
369,916000000,125,7,4/5,-82,4,1119600899
370,915200000,125,7,4/5,-87,0,1120676915
371,916400000,125,7,4/5,-76,6,1121752932
372,915200000,125,7,4/5,-85,0,1122828947
373,915600000,125,7,4/5,-81,2,1123904963
374,916000000,125,7,4/5,-73,4,1126921275
375,915400000,125,7,4/5,-76,1,1127997027
376,916200000,125,7,4/5,-76,5,1129073044
377,915800000,125,7,4/5,-78,3,1130149051
378,915200000,125,7,4/5,-83,0,1131225075
379,916200000,125,7,4/5,-89,5,1132301092
380,915400000,125,7,4/5,-84,1,1133377107
381,915600000,125,7,4/5,-85,2,1134453123
382,916000000,125,7,4/5,-87,4,1135529139
383,916400000,125,7,4/5,-85,6,1136605156
384,915800000,125,7,4/5,-78,3,1137681171
385,915600000,125,7,4/5,-78,2,1138757187
386,915400000,125,7,4/5,-79,1,1139833203
387,915800000,125,7,4/5,-81,3,1140909219
388,915200000,125,7,4/5,-93,0,1141985243
389,916400000,125,7,4/5,-85,6,1143061252
390,916200000,125,7,4/5,-84,5,1144137276
391,916000000,125,7,4/5,-90,4,1145213291
392,915400000,125,7,4/5,-87,1,1146289307
393,915600000,125,7,4/5,-86,2,1147365315
394,916000000,125,7,4/5,-83,4,1148441339
395,916400000,125,7,4/5,-79,6,1149517356
396,915200000,125,7,4/5,-77,0,1150593371
397,916200000,125,7,4/5,-69,5,1151669388
398,915800000,125,7,4/5,-67,3,1152745403
399,915400000,125,7,4/5,-69,1,1153821419
400,916000000,125,7,4/5,-75,4,1154897435
401,916400000,125,7,4/5,-77,6,1155973452
402,915800000,125,7,4/5,-71,3,1157049467
403,916200000,125,7,4/5,-69,5,1158125484
404,915200000,125,7,4/5,-70,0,1159201507
405,915600000,125,7,4/5,-70,2,1160277515
406,915400000,125,7,4/5,-69,1,1161353539
407,915600000,125,7,4/5,-69,2,1162429547
408,915200000,125,7,4/5,-73,0,1163505571
409,916000000,125,7,4/5,-70,4,1164581587
410,916400000,125,7,4/5,-70,6,1165657604
411,915800000,125,7,4/5,-68,3,1166733619
412,916200000,125,7,4/5,-69,5,1167809636
413,915400000,125,7,4/5,-70,1,1168885651
414,916000000,125,7,4/5,-69,4,1169961675
415,915800000,125,7,4/5,-69,3,1171037683
416,915200000,125,7,4/5,-70,0,1172113707
417,916400000,125,7,4/5,-72,6,1173189716
418,916200000,125,7,4/5,-72,5,1174265740
419,915600000,125,7,4/5,-67,2,1175341755
420,915600000,125,7,4/5,-69,2,1176417771
421,916000000,125,7,4/5,-71,4,1177493787
422,916200000,125,7,4/5,-71,5,1178569804
423,916400000,125,7,4/5,-73,6,1179645820
424,915800000,125,7,4/5,-73,3,1180721835
425,915200000,125,7,4/5,-71,0,1181797859
426,915400000,125,7,4/5,-70,1,1182873875
427,915600000,125,7,4/5,-68,2,1183949883
428,916000000,125,7,4/5,-71,4,1185025907
429,915800000,125,7,4/5,-69,3,1186101915
430,916200000,125,7,4/5,-71,5,1187177940
431,915400000,125,7,4/5,-70,1,1188253955
432,916400000,125,7,4/5,-75,6,1189329972
433,915200000,125,7,4/5,-79,0,1190405995
434,916200000,125,7,4/5,-76,5,1191482012
435,916000000,125,7,4/5,-75,4,1192558027
436,915800000,125,7,4/5,-78,3,1193634035
437,915400000,125,7,4/5,-73,1,1194710059
438,915200000,125,7,4/5,-75,0,1195786075
439,915600000,125,7,4/5,-66,2,1196862091
440,916400000,125,7,4/5,-81,6,1197938108
441,916400000,125,7,4/5,-81,6,1199014124
442,915800000,125,7,4/5,-78,3,1200090139
443,916000000,125,7,4/5,-79,4,1201166163
444,916200000,125,7,4/5,-73,5,1202242180
445,915600000,125,7,4/5,-70,2,1203318195
446,915200000,125,7,4/5,-79,0,1204394211
447,915400000,125,7,4/5,-83,1,1205470227
448,915800000,125,7,4/5,-73,3,1206546243
449,915200000,125,7,4/5,-76,0,1207622267
450,915400000,125,7,4/5,-71,1,1208698283
451,916200000,125,7,4/5,-77,5,1209774300
452,916000000,125,7,4/5,-83,4,1212790611
453,915600000,125,7,4/5,-74,2,1213866355
454,916400000,125,7,4/5,-85,6,1214942380
455,916400000,125,7,4/5,-79,6,1216018396
456,916000000,125,7,4/5,-73,4,1217094411
457,915600000,125,7,4/5,-71,2,1218170427
458,915400000,125,7,4/5,-70,1,1219246451
459,915200000,125,7,4/5,-77,0,1220322467
460,915800000,125,7,4/5,-75,3,1221398475
461,916200000,125,7,4/5,-81,5,1222474500
462,915400000,125,7,4/5,-72,1,1223550515
463,916000000,125,7,4/5,-70,4,1224626539
464,916400000,125,7,4/5,-83,6,1225702548
465,915200000,125,7,4/5,-72,0,1226778571
466,915800000,125,7,4/5,-81,3,1227854579
467,915600000,125,7,4/5,-78,2,1228930603
468,916200000,125,7,4/5,-79,5,1230006620
469,916000000,125,7,4/5,-85,4,1231082635
470,915800000,125,7,4/5,-79,3,1232158651
471,915600000,125,7,4/5,-75,2,1233234667
472,915200000,125,7,4/5,-79,0,1234310691
473,915400000,125,7,4/5,-75,1,1235386707
474,916200000,125,7,4/5,-72,5,1236462724
475,916400000,125,7,4/5,-76,6,1237538740
476,915400000,125,7,4/5,-73,1,1238614755
477,916200000,125,7,4/5,-72,5,1239690772
478,916400000,125,7,4/5,-77,6,1240766788
479,916000000,125,7,4/5,-76,4,1241842811
480,915800000,125,7,4/5,-73,3,1242918819
481,915600000,125,7,4/5,-82,2,1243994843
482,915200000,125,7,4/5,-73,0,1245070859
483,916400000,125,7,4/5,-77,6,1246146876
484,915800000,125,7,4/5,-77,3,1247222891
485,915200000,125,7,4/5,-78,0,1248298915
486,915600000,125,7,4/5,-75,2,1249374931
487,916200000,125,7,4/5,-78,5,1250450948
488,916000000,125,7,4/5,-76,4,1251526963
489,915400000,125,7,4/5,-75,1,1252602979
490,916000000,125,7,4/5,-78,4,1253679003
491,916400000,125,7,4/5,-77,6,1254755012
492,915200000,125,7,4/5,-76,0,1255831035
493,915400000,125,7,4/5,-76,1,1256907051
494,915800000,125,7,4/5,-77,3,1257983067
495,915600000,125,7,4/5,-76,2,1259059083
496,916200000,125,7,4/5,-77,5,1260135108
497,916400000,125,7,4/5,-83,6,1261211124
498,915400000,125,7,4/5,-81,1,1262287139
499,915200000,125,7,4/5,-74,0,1263363155
500,915600000,125,7,4/5,-76,2,1264439171
501,916200000,125,7,4/5,-73,5,1265515188
502,915800000,125,7,4/5,-75,3,1266591203
503,916000000,125,7,4/5,-76,4,1267667227
504,915600000,125,7,4/5,-75,2,1268743243
505,915400000,125,7,4/5,-72,1,1269819259
506,915800000,125,7,4/5,-78,3,1270895275
507,916400000,125,7,4/5,-81,6,1271971292
508,916000000,125,7,4/5,-83,4,1273047315
509,916200000,125,7,4/5,-81,5,1274123332
510,915200000,125,7,4/5,-79,0,1275199347
511,916200000,125,7,4/5,-84,5,1276275364
512,915600000,125,7,4/5,-82,2,1277351379
513,915400000,125,7,4/5,-81,1,1278427403
514,916000000,125,7,4/5,-82,4,1279503419
515,916400000,125,7,4/5,-89,6,1280579436
516,915200000,125,7,4/5,-82,0,1281655451
517,915800000,125,7,4/5,-81,3,1282731467
518,916000000,125,7,4/5,-84,4,1283807491
519,915600000,125,7,4/5,-78,2,1284883507
520,916400000,125,7,4/5,-84,6,1285959524
521,915400000,125,7,4/5,-79,1,1287035539
522,916200000,125,7,4/5,-77,5,1288111556
523,915200000,125,7,4/5,-81,0,1289187579
524,915800000,125,7,4/5,-79,3,1290263587
525,916200000,125,7,4/5,-79,5,1291339612
526,916000000,125,7,4/5,-79,4,1292415627
527,915600000,125,7,4/5,-79,2,1293491643
528,915200000,125,7,4/5,-81,0,1294567667
529,915800000,125,7,4/5,-83,3,1295643675
530,915400000,125,7,4/5,-73,1,1296719699
531,916400000,125,7,4/5,-73,6,1297795716
532,915800000,125,7,4/5,-75,3,1298871731
533,916000000,125,7,4/5,-77,4,1299947755
534,915600000,125,7,4/5,-70,2,1301023763
535,916200000,125,7,4/5,-67,5,1302099788
536,915400000,125,7,4/5,-84,1,1303175803
537,915200000,125,7,4/5,-72,0,1304251827
538,916400000,125,7,4/5,-71,6,1305327836
539,916400000,125,7,4/5,-64,6,1306403852
540,915400000,125,7,4/5,-76,1,1307479875
541,915800000,125,7,4/5,-72,3,1308555891
542,915600000,125,7,4/5,-65,2,1309631907
543,916000000,125,7,4/5,-69,4,1310707931
544,916200000,125,7,4/5,-73,5,1311783948
545,915200000,125,7,4/5,-75,0,1312859963
546,916400000,125,7,4/5,-63,6,1313935980
547,915200000,125,7,4/5,-63,0,1315011995
548,916200000,125,7,4/5,-57,5,1316088012
549,915600000,125,7,4/5,-66,2,1317164028
550,915400000,125,7,4/5,-67,1,1318240051
551,915800000,125,7,4/5,-59,3,1319316059
552,916000000,125,7,4/5,-59,4,1320392083
553,915800000,125,7,4/5,-63,3,1321468099
554,916400000,125,7,4/5,-60,6,1322544116
555,915400000,125,7,4/5,-54,1,1323620139
556,915200000,125,7,4/5,-65,0,1324696155
557,916200000,125,7,4/5,-67,5,1325772172
558,916000000,125,7,4/5,-63,4,1326848187
559,915600000,125,7,4/5,-65,2,1327924203
560,915200000,125,7,4/5,-66,0,1329000227
561,916000000,125,7,4/5,-61,4,1330076243
562,915400000,125,7,4/5,-66,1,1331152259
563,916400000,125,7,4/5,-61,6,1332228276
564,915800000,125,7,4/5,-63,3,1333304291
565,916200000,125,7,4/5,-75,5,1334380316
566,915600000,125,7,4/5,-70,2,1335456323
567,915600000,125,7,4/5,-61,2,1336532347
568,915400000,125,7,4/5,-73,1,1337608363
569,916200000,125,7,4/5,-67,5,1338684380
570,916000000,125,7,4/5,-64,4,1339760403
571,916400000,125,7,4/5,-68,6,1340836412
572,915200000,125,7,4/5,-57,0,1341912435
573,915800000,125,7,4/5,-55,3,1342988443
574,915800000,125,7,4/5,-54,3,1344064467
575,916200000,125,7,4/5,-54,5,1345140484
576,915600000,125,7,4/5,-60,2,1346216499
577,915400000,125,7,4/5,-58,1,1347292515
578,916000000,125,7,4/5,-66,4,1348368539
579,916400000,125,7,4/5,-70,6,1349444556
580,915200000,125,7,4/5,-66,0,1350520571
581,916400000,125,7,4/5,-73,6,1351596588
582,915800000,125,7,4/5,-73,3,1352672603
583,915600000,125,7,4/5,-64,2,1353748619
584,915200000,125,7,4/5,-71,0,1354824643
585,916000000,125,7,4/5,-75,4,1355900659
586,916200000,125,7,4/5,-67,5,1356976676
587,915400000,125,7,4/5,-91,1,1358052691
588,915400000,125,7,4/5,-83,1,1359128707
589,916400000,125,7,4/5,-66,6,1360204724
590,916000000,125,7,4/5,-67,4,1361280747
591,916200000,125,7,4/5,-75,5,1362356764
592,915200000,125,7,4/5,-89,0,1363432779
593,915800000,125,7,4/5,-76,3,1364508795
594,915600000,125,7,4/5,-75,2,1365584811
595,916400000,125,7,4/5,-70,6,1366660828
596,915400000,125,7,4/5,-76,1,1367736851
597,916200000,125,7,4/5,-73,5,1368812868
598,915600000,125,7,4/5,-73,2,1369888883
599,915800000,125,7,4/5,-67,3,1370964899
600,915200000,125,7,4/5,-68,0,1372040923
601,916000000,125,7,4/5,-69,4,1373116939
602,915400000,125,7,4/5,-67,1,1374192955
603,915800000,125,7,4/5,-67,3,1375268963
604,916000000,125,7,4/5,-81,4,1376344987
605,915600000,125,7,4/5,-83,2,1377421003
606,915200000,125,7,4/5,-72,0,1378497027
607,916200000,125,7,4/5,-66,5,1379573036
608,916400000,125,7,4/5,-67,6,1380649052
609,915200000,125,7,4/5,-77,0,1381725075
610,916400000,125,7,4/5,-75,6,1382801092
611,916200000,125,7,4/5,-72,5,1383877108
612,916000000,125,7,4/5,-76,4,1384953131
613,915800000,125,7,4/5,-81,3,1386029139
614,915400000,125,7,4/5,-75,1,1387105163
615,915600000,125,7,4/5,-89,2,1388181171
616,916000000,125,7,4/5,-85,4,1389257195
617,916200000,125,7,4/5,-85,5,1390333212
618,915200000,125,7,4/5,-87,0,1391409227
619,916400000,125,7,4/5,-87,6,1392485244
620,915600000,125,7,4/5,-89,2,1393561259
621,915400000,125,7,4/5,-96,1,1394637283
622,915800000,125,7,4/5,-83,3,1395713291
623,915800000,125,7,4/5,-83,3,1396789315
624,915400000,125,7,4/5,-85,1,1397865331
625,915200000,125,7,4/5,-81,0,1398941355
626,916000000,125,7,4/5,-84,4,1400017371
627,915600000,125,7,4/5,-79,2,1401093379
628,916200000,125,7,4/5,-82,5,1402169404
629,916400000,125,7,4/5,-88,6,1403245420
630,915800000,125,7,4/5,-84,3,1404321435
631,915400000,125,7,4/5,-82,1,1405397451
632,916000000,125,7,4/5,-93,4,1406473475
633,915600000,125,7,4/5,-82,2,1407549483
634,916400000,125,7,4/5,-81,6,1408625508
635,915200000,125,7,4/5,-90,0,1409701523
636,916200000,125,7,4/5,-85,5,1410777540
637,916200000,125,7,4/5,-89,5,1411853556
638,916400000,125,7,4/5,-79,6,1412929572
639,915800000,125,7,4/5,-89,3,1414005587
640,916000000,125,7,4/5,-84,4,1415081611
641,915400000,125,7,4/5,-81,1,1416157627
642,915600000,125,7,4/5,-77,2,1417233643
643,915200000,125,7,4/5,-77,0,1418309667
644,916400000,125,7,4/5,-75,6,1419385676
645,915800000,125,7,4/5,-82,3,1420461691
646,915400000,125,7,4/5,-72,1,1421537715
648,915600000,125,7,4/5,-61,2,1425630043
649,916000000,125,7,4/5,-73,4,1426705803
650,915200000,125,7,4/5,-66,0,1429722115
651,915400000,125,7,4/5,-68,1,1430797867
652,916000000,125,7,4/5,-65,4,1431873883
653,915200000,125,7,4/5,-76,0,1432949899
654,916200000,125,7,4/5,-87,5,1434025916
655,915800000,125,7,4/5,-77,3,1435101931
656,916400000,125,7,4/5,-84,6,1436177948
657,915600000,125,7,4/5,-83,2,1437253963
658,915400000,125,7,4/5,-73,1,1438329987
659,915600000,125,7,4/5,-67,2,1439406003
660,915800000,125,7,4/5,-67,3,1440482019
661,915200000,125,7,4/5,-67,0,1441558035
662,916400000,125,7,4/5,-71,6,1442634052
663,916200000,125,7,4/5,-70,5,1443710076
664,916000000,125,7,4/5,-85,4,1444786091
665,916400000,125,7,4/5,-98,6,1445862108
666,916000000,125,7,4/5,-76,4,1446938123
667,915200000,125,7,4/5,-73,0,1448014139
668,915400000,125,7,4/5,-73,1,1449090155
669,915800000,125,7,4/5,-76,3,1450166171
670,915600000,125,7,4/5,-74,2,1451242187
671,916200000,125,7,4/5,-77,5,1452318212
672,916200000,125,7,4/5,-78,5,1453394228
673,915800000,125,7,4/5,-72,3,1454470243
674,916400000,125,7,4/5,-70,6,1455546260
675,916000000,125,7,4/5,-75,4,1456622283
676,915600000,125,7,4/5,-69,2,1457698291
677,915200000,125,7,4/5,-69,0,1458774315
678,915400000,125,7,4/5,-66,1,1459850331
679,916400000,125,7,4/5,-66,6,1460926348
680,915200000,125,7,4/5,-70,0,1462002363
681,915400000,125,7,4/5,-70,1,1463078387
682,916000000,125,7,4/5,-71,4,1464154403
683,916200000,125,7,4/5,-69,5,1465230420
684,915600000,125,7,4/5,-72,2,1466306435
685,915800000,125,7,4/5,-67,3,1467382451
686,915600000,125,7,4/5,-66,2,1468458467
687,915800000,125,7,4/5,-66,3,1469534483
688,916400000,125,7,4/5,-65,6,1470610508
689,915400000,125,7,4/5,-67,1,1471686523
690,915200000,125,7,4/5,-65,0,1472762547
691,916200000,125,7,4/5,-65,5,1473838556
692,916000000,125,7,4/5,-67,4,1474914587
693,916000000,125,7,4/5,-65,4,1475990595
694,916400000,125,7,4/5,-64,6,1477066612
695,916200000,125,7,4/5,-69,5,1478142628
696,915200000,125,7,4/5,-70,0,1479218651
697,915600000,125,7,4/5,-69,2,1480294659
698,915800000,125,7,4/5,-70,3,1481370675
699,915400000,125,7,4/5,-89,1,1482446699
700,915600000,125,7,4/5,-77,2,1483522715
701,915400000,125,7,4/5,-79,1,1484598731
702,915800000,125,7,4/5,-81,3,1485674747
703,916400000,125,7,4/5,-74,6,1486750764
704,916200000,125,7,4/5,-78,5,1487826788
705,916000000,125,7,4/5,-83,4,1488902803
706,915200000,125,7,4/5,-86,0,1489978827
707,915800000,125,7,4/5,-91,3,1491054835
708,915200000,125,7,4/5,-82,0,1492130859
709,916000000,125,7,4/5,-91,4,1493206875
710,916200000,125,7,4/5,-91,5,1494282892
711,915600000,125,7,4/5,-90,2,1495358907
712,916400000,125,7,4/5,-91,6,1496434924
713,915400000,125,7,4/5,-90,1,1497510947
714,916200000,125,7,4/5,-94,5,1498586964
715,915400000,125,7,4/5,-91,1,1499662979
716,915600000,125,7,4/5,-89,2,1500738995
717,915800000,125,7,4/5,-91,3,1501815011
718,916400000,125,7,4/5,-84,6,1502891028
719,915200000,125,7,4/5,-89,0,1503967051
720,916000000,125,7,4/5,-91,4,1505043067
721,915400000,125,7,4/5,-93,1,1506119083
722,915600000,125,7,4/5,-100,2,1507195099
723,916400000,125,7,4/5,-85,6,1508271116
724,916200000,125,7,4/5,-89,5,1509347140
725,915800000,125,7,4/5,-85,3,1510423147
726,916000000,125,7,4/5,-99,4,1511499171
727,915200000,125,7,4/5,-95,0,1512575195
728,916400000,125,7,4/5,-95,6,1513651204
729,916000000,125,7,4/5,-97,4,1514727227
730,915200000,125,7,4/5,-93,0,1517743539
731,916200000,125,7,4/5,-87,5,1518819292
732,915400000,125,7,4/5,-85,1,1519895307
733,915600000,125,7,4/5,-89,2,1520971323
734,915800000,125,7,4/5,-83,3,1522047339
735,916400000,125,7,4/5,-81,6,1523123364
736,915400000,125,7,4/5,-87,1,1524199379
737,916200000,125,7,4/5,-75,5,1525275404
738,915600000,125,7,4/5,-74,2,1526351411
739,916000000,125,7,4/5,-77,4,1527427435
740,915200000,125,7,4/5,-78,0,1528503451
741,915800000,125,7,4/5,-78,3,1529579467
742,916000000,125,7,4/5,-79,4,1530655491
743,915200000,125,7,4/5,-89,0,1531731507
744,916400000,125,7,4/5,-94,6,1532807524
745,915400000,125,7,4/5,-90,1,1533883539
746,915600000,125,7,4/5,-96,2,1534959555
747,916200000,125,7,4/5,-95,5,1536035580
748,915800000,125,7,4/5,-90,3,1537111587
749,916200000,125,7,4/5,-97,5,1538187612
750,915600000,125,7,4/5,-91,2,1539263627
751,915200000,125,7,4/5,-87,0,1540339651
752,916400000,125,7,4/5,-84,6,1541415668
753,915400000,125,7,4/5,-89,1,1542491683
754,916000000,125,7,4/5,-91,4,1543567707
755,915800000,125,7,4/5,-90,3,1544643715
756,916000000,125,7,4/5,-91,4,1545719739
757,915400000,125,7,4/5,-91,1,1546795755
758,915600000,125,7,4/5,-96,2,1547871771
759,916400000,125,7,4/5,-87,6,1548947788
760,915800000,125,7,4/5,-93,3,1550023803
761,915200000,125,7,4/5,-82,0,1551099827
762,916200000,125,7,4/5,-79,5,1552175844
763,915400000,125,7,4/5,-78,1,1553251859
764,916400000,125,7,4/5,-85,6,1554327876
765,915800000,125,7,4/5,-85,3,1555403891
766,915600000,125,7,4/5,-90,2,1556479915
767,916200000,125,7,4/5,-85,5,1557555932
768,915200000,125,7,4/5,-83,0,1558631955
769,916000000,125,7,4/5,-87,4,1559707971
770,915400000,125,7,4/5,-82,1,1560783987
771,916200000,125,7,4/5,-84,5,1561860004
772,915200000,125,7,4/5,-88,0,1562936027
773,915600000,125,7,4/5,-82,2,1564012035
774,915800000,125,7,4/5,-83,3,1565088051
775,916400000,125,7,4/5,-76,6,1566164076
776,916000000,125,7,4/5,-75,4,1567240099
777,916400000,125,7,4/5,-75,6,1568316108
778,915200000,125,7,4/5,-81,0,1569392131
779,916000000,125,7,4/5,-79,4,1570468147
780,916200000,125,7,4/5,-78,5,1571544164
781,915400000,125,7,4/5,-75,1,1572620187
782,915800000,125,7,4/5,-78,3,1573696195
783,915600000,125,7,4/5,-77,2,1574772219
784,915800000,125,7,4/5,-76,3,1575848235
785,916000000,125,7,4/5,-77,4,1576924259
786,915400000,125,7,4/5,-75,1,1578000275
787,916200000,125,7,4/5,-75,5,1579076292
788,916400000,125,7,4/5,-77,6,1580152308
789,915600000,125,7,4/5,-79,2,1581228323
790,915200000,125,7,4/5,-79,0,1582304347
791,916000000,125,7,4/5,-78,4,1583380363
792,915800000,125,7,4/5,-78,3,1584456379
793,915400000,125,7,4/5,-78,1,1585532403
794,915600000,125,7,4/5,-77,2,1586608411
795,916200000,125,7,4/5,-79,5,1587684436
796,915200000,125,7,4/5,-78,0,1588760459
797,916400000,125,7,4/5,-81,6,1589836468
798,915200000,125,7,4/5,-81,0,1590912491
799,916200000,125,7,4/5,-79,5,1591988508
800,916000000,125,7,4/5,-78,4,1593064523
801,915600000,125,7,4/5,-78,2,1594140539
802,915800000,125,7,4/5,-79,3,1595216555
803,915400000,125,7,4/5,-78,1,1596292579
804,916400000,125,7,4/5,-77,6,1597368596
805,915800000,125,7,4/5,-75,3,1598444611
806,916400000,125,7,4/5,-77,6,1599520628
807,916000000,125,7,4/5,-82,4,1600596651
808,916200000,125,7,4/5,-81,5,1601672668
809,915200000,125,7,4/5,-82,0,1602748691
810,915400000,125,7,4/5,-78,1,1603824707
811,915600000,125,7,4/5,-78,2,1604900723
812,916200000,125,7,4/5,-79,5,1605976740
813,916400000,125,7,4/5,-78,6,1607052756
814,915200000,125,7,4/5,-79,0,1608128779
815,915800000,125,7,4/5,-78,3,1609204787
816,915600000,125,7,4/5,-89,2,1610280811
817,915400000,125,7,4/5,-88,1,1611356835
818,916000000,125,7,4/5,-82,4,1612432851
819,916400000,125,7,4/5,-76,6,1613508868
820,915600000,125,7,4/5,-84,2,1614584883
821,916000000,125,7,4/5,-83,4,1615660907
822,915400000,125,7,4/5,-82,1,1616736923
823,916200000,125,7,4/5,-82,5,1617812940
824,915800000,125,7,4/5,-85,3,1618888955
825,915200000,125,7,4/5,-91,0,1619964979
826,915800000,125,7,4/5,-81,3,1621040987
827,916000000,125,7,4/5,-93,4,1622117011
828,915200000,125,7,4/5,-89,0,1623193035
829,915400000,125,7,4/5,-78,1,1624269051
830,916400000,125,7,4/5,-85,6,1625345060
831,915600000,125,7,4/5,-75,2,1626421083
832,916200000,125,7,4/5,-82,5,1627497100
833,916000000,125,7,4/5,-87,4,1628573123
834,915600000,125,7,4/5,-75,2,1629649139
835,916400000,125,7,4/5,-83,6,1630725156
836,915200000,125,7,4/5,-83,0,1631801179
837,915800000,125,7,4/5,-83,3,1632877187
838,915400000,125,7,4/5,-78,1,1633953211
839,916200000,125,7,4/5,-75,5,1635029228
840,915600000,125,7,4/5,-84,2,1636105243
841,915400000,125,7,4/5,-78,1,1637181267
842,916000000,125,7,4/5,-83,4,1638257283
843,916200000,125,7,4/5,-75,5,1639333300
844,916400000,125,7,4/5,-75,6,1640409316
845,915800000,125,7,4/5,-83,3,1641485331
846,915200000,125,7,4/5,-77,0,1642561355
847,916400000,125,7,4/5,-85,6,1643637372
848,915400000,125,7,4/5,-70,1,1644713387
849,915600000,125,7,4/5,-76,2,1645789403
850,915800000,125,7,4/5,-79,3,1646865419
851,916000000,125,7,4/5,-72,4,1647941443
852,916200000,125,7,4/5,-74,5,1649017460
853,915200000,125,7,4/5,-88,0,1650093483
854,915600000,125,7,4/5,-78,2,1651169499
855,916200000,125,7,4/5,-78,5,1652245516
856,916000000,125,7,4/5,-76,4,1653321539
857,915200000,125,7,4/5,-82,0,1654397555
858,915400000,125,7,4/5,-84,1,1655473571
859,916400000,125,7,4/5,-76,6,1656549588
860,915800000,125,7,4/5,-81,3,1657625603
861,915400000,125,7,4/5,-76,1,1658701619
862,916400000,125,7,4/5,-75,6,1659777636
863,915800000,125,7,4/5,-85,3,1660853651
864,915200000,125,7,4/5,-71,0,1661929675
865,915600000,125,7,4/5,-97,2,1663005692
866,916000000,125,7,4/5,-93,4,1664081715
867,916200000,125,7,4/5,-85,5,1665157732
868,916000000,125,7,4/5,-102,4,1666233747
869,915200000,125,7,4/5,-87,0,1667309771
870,916400000,125,7,4/5,-85,6,1668385780
871,916200000,125,7,4/5,-96,5,1669461804
872,915400000,125,7,4/5,-91,1,1670537819
873,915800000,125,7,4/5,-94,3,1671613835
874,915600000,125,7,4/5,-88,2,1672689851
875,915400000,125,7,4/5,-92,1,1673765875
876,916400000,125,7,4/5,-93,6,1674841892
877,916200000,125,7,4/5,-82,5,1675917908
878,915800000,125,7,4/5,-85,3,1676993923
879,915600000,125,7,4/5,-93,2,1678069939
880,915200000,125,7,4/5,-84,0,1679145963
881,916000000,125,7,4/5,-87,4,1680221979
882,916000000,125,7,4/5,-88,4,1681298003
883,915200000,125,7,4/5,-92,0,1682374019
884,916400000,125,7,4/5,-89,6,1683450028
885,915400000,125,7,4/5,-77,1,1684526051
886,916200000,125,7,4/5,-78,5,1685602068
887,915600000,125,7,4/5,-75,2,1686678083
888,915800000,125,7,4/5,-83,3,1687754099
889,915400000,125,7,4/5,-94,1,1688830123
890,915600000,125,7,4/5,-85,2,1689906131
891,916000000,125,7,4/5,-69,4,1690982155
892,916400000,125,7,4/5,-72,6,1692058172
893,915800000,125,7,4/5,-75,3,1693134187
894,916200000,125,7,4/5,-74,5,1694210212
895,915200000,125,7,4/5,-87,0,1695286227
896,915400000,125,7,4/5,-77,1,1696362243
897,916200000,125,7,4/5,-85,5,1697438260
898,916000000,125,7,4/5,-76,4,1698514283
899,915800000,125,7,4/5,-78,3,1699590291
900,915200000,125,7,4/5,-84,0,1700666315
901,916400000,125,7,4/5,-83,6,1701742332
902,915600000,125,7,4/5,-82,2,1702818347
903,915600000,125,7,4/5,-84,2,1703894363
904,916200000,125,7,4/5,-92,5,1704970380
905,915400000,125,7,4/5,-84,1,1706046403
906,915800000,125,7,4/5,-73,3,1707122411
907,915200000,125,7,4/5,-83,0,1708198435
908,916000000,125,7,4/5,-74,4,1709274459
909,916400000,125,7,4/5,-75,6,1710350468
910,916000000,125,7,4/5,-81,4,1711426491
911,915800000,125,7,4/5,-81,3,1712502499
912,916200000,125,7,4/5,-75,5,1713578524
913,915400000,125,7,4/5,-77,1,1714654539
914,915600000,125,7,4/5,-78,2,1717670851
915,916400000,125,7,4/5,-75,6,1718746604
916,915200000,125,7,4/5,-79,0,1719822627
918,915600000,125,7,4/5,-76,2,1723914955
919,915200000,125,7,4/5,-76,0,1724990715
920,915400000,125,7,4/5,-85,1,1726066731
921,916400000,125,7,4/5,-65,6,1727142740
922,916200000,125,7,4/5,-65,5,1728218764
923,915800000,125,7,4/5,-66,3,1729294779
924,915400000,125,7,4/5,-74,1,1730370795
925,916400000,125,7,4/5,-63,6,1731446812
926,915800000,125,7,4/5,-67,3,1732522827
927,916200000,125,7,4/5,-67,5,1733598852
928,915200000,125,7,4/5,-72,0,1734674867
929,916000000,125,7,4/5,-79,4,1735750883
930,915600000,125,7,4/5,-69,2,1736826899
931,915600000,125,7,4/5,-73,2,1737902915
932,915400000,125,7,4/5,-71,1,1738978939
933,915200000,125,7,4/5,-83,0,1740054955
934,916000000,125,7,4/5,-75,4,1741130971
935,916200000,125,7,4/5,-79,5,1742206988
936,915800000,125,7,4/5,-78,3,1743283003
937,916400000,125,7,4/5,-80,6,1744359020
938,916200000,125,7,4/5,-79,5,1745435044
939,916400000,125,7,4/5,-81,6,1746511060
940,915800000,125,7,4/5,-79,3,1747587075
941,915400000,125,7,4/5,-92,1,1748663091
942,915200000,125,7,4/5,-97,0,1749739115
943,915600000,125,7,4/5,-93,2,1750815131
944,916000000,125,7,4/5,-87,4,1751891147
945,916000000,125,7,4/5,-82,4,1752967163
946,915600000,125,7,4/5,-84,2,1754043179
947,916200000,125,7,4/5,-82,5,1755119204
948,915200000,125,7,4/5,-84,0,1756195219
949,916400000,125,7,4/5,-82,6,1757271236
950,915400000,125,7,4/5,-79,1,1758347251
951,915800000,125,7,4/5,-81,3,1759423267
952,916200000,125,7,4/5,-79,5,1760499284
953,915200000,125,7,4/5,-84,0,1761575307
954,916000000,125,7,4/5,-84,4,1762651323
955,915800000,125,7,4/5,-81,3,1765667627
956,915600000,125,7,4/5,-85,2,1766743387
957,915400000,125,7,4/5,-81,1,1767819403
958,916400000,125,7,4/5,-87,6,1768895420
959,915600000,125,7,4/5,-78,2,1769971443
960,915200000,125,7,4/5,-81,0,1771047459
961,916200000,125,7,4/5,-83,5,1772123476
962,916000000,125,7,4/5,-88,4,1773199499
963,915800000,125,7,4/5,-77,3,1774275507
964,916400000,125,7,4/5,-79,6,1775351532
965,915400000,125,7,4/5,-88,1,1776427547
966,916000000,125,7,4/5,-76,4,1777503563
967,916400000,125,7,4/5,-81,6,1778579580
968,916200000,125,7,4/5,-81,5,1779655604
969,915400000,125,7,4/5,-76,1,1780731619
970,915200000,125,7,4/5,-81,0,1781807635
971,915800000,125,7,4/5,-84,3,1782883651
972,915600000,125,7,4/5,-76,2,1783959667
973,916200000,125,7,4/5,-78,5,1785035692
974,915600000,125,7,4/5,-78,2,1786111707
975,916400000,125,7,4/5,-79,6,1787187724
976,915200000,125,7,4/5,-79,0,1788263739
977,915400000,125,7,4/5,-74,1,1789339755
978,915800000,125,7,4/5,-75,3,1790415771
979,916000000,125,7,4/5,-73,4,1791491795
980,916200000,125,7,4/5,-73,5,1792567812
981,916000000,125,7,4/5,-73,4,1793643835
982,915800000,125,7,4/5,-79,3,1794719843
983,916400000,125,7,4/5,-73,6,1795795860
984,915600000,125,7,4/5,-75,2,1796871883
985,915400000,125,7,4/5,-76,1,1797947899
986,915200000,125,7,4/5,-82,0,1799023923
987,915600000,125,7,4/5,-79,2,1800099931
988,915800000,125,7,4/5,-76,3,1801175947
989,915200000,125,7,4/5,-79,0,1802251971
990,916000000,125,7,4/5,-80,4,1803327995
991,916200000,125,7,4/5,-75,5,1804404004
992,916400000,125,7,4/5,-74,6,1805480020
993,915400000,125,7,4/5,-73,1,1806556043
994,915200000,125,7,4/5,-76,0,1807632059
995,915800000,125,7,4/5,-75,3,1808708075
996,916200000,125,7,4/5,-71,5,1809784100
997,915400000,125,7,4/5,-78,1,1810860115
998,916000000,125,7,4/5,-79,4,1811936131
999,915600000,125,7,4/5,-71,2,1813012147
1000,916400000,125,7,4/5,-71,6,1814088164
1001,915200000,125,7,4/5,-72,0,1815164187
1002,916200000,125,7,4/5,-73,5,1816240204
1003,916000000,125,7,4/5,-72,4,1817316219
1004,915400000,125,7,4/5,-78,1,1818392235
1005,915800000,125,7,4/5,-75,3,1819468251
1006,916400000,125,7,4/5,-71,6,1820544276
1007,915600000,125,7,4/5,-77,2,1821620291
1008,916200000,125,7,4/5,-72,5,1822696308
1009,916000000,125,7,4/5,-73,4,1823772331
1010,916400000,125,7,4/5,-71,6,1824848340
1011,915600000,125,7,4/5,-71,2,1825924363
1012,915800000,125,7,4/5,-71,3,1827000379
1013,915200000,125,7,4/5,-71,0,1828076403
1014,915400000,125,7,4/5,-70,1,1829152419
1015,916400000,125,7,4/5,-72,6,1830228428
1017,916200000,125,7,4/5,-81,5,1834320764
1018,915600000,125,7,4/5,-81,2,1835396515
1019,915800000,125,7,4/5,-81,3,1836472531
1020,915200000,125,7,4/5,-79,0,1837548555
1021,916000000,125,7,4/5,-81,4,1838624571
1022,915800000,125,7,4/5,-81,3,1839700587
1023,916400000,125,7,4/5,-79,6,1840776604
1024,915200000,125,7,4/5,-81,0,1841852627
1025,915600000,125,7,4/5,-78,2,1842928643
1026,915400000,125,7,4/5,-75,1,1844004659
1027,916000000,125,7,4/5,-89,4,1845080683
1028,916200000,125,7,4/5,-83,5,1846156700
1029,915400000,125,7,4/5,-88,1,1847232715
1030,916400000,125,7,4/5,-84,6,1848308732
1031,915200000,125,7,4/5,-90,0,1849384755
1032,915600000,125,7,4/5,-90,2,1850460763
1033,916200000,125,7,4/5,-85,5,1851536788
1034,915800000,125,7,4/5,-87,3,1852612803
1035,916000000,125,7,4/5,-93,4,1853688819
1036,915400000,125,7,4/5,-85,1,1854764835
1037,915600000,125,7,4/5,-84,2,1855840851
1038,915200000,125,7,4/5,-87,0,1856916875
1039,916200000,125,7,4/5,-88,5,1857992892
1040,915800000,125,7,4/5,-83,3,1859068907
1041,916000000,125,7,4/5,-81,4,1860144931
1042,916400000,125,7,4/5,-81,6,1861220948
1043,916200000,125,7,4/5,-79,5,1862296964
1044,916000000,125,7,4/5,-76,4,1863372987
1045,915200000,125,7,4/5,-76,0,1864449003
1046,915600000,125,7,4/5,-72,2,1865525019
1047,916400000,125,7,4/5,-78,6,1866601036
1048,915800000,125,7,4/5,-75,3,1867677051
1049,915400000,125,7,4/5,-78,1,1868753067
1050,915400000,125,7,4/5,-78,1,1869829091
1051,915600000,125,7,4/5,-78,2,1870905107
1052,916400000,125,7,4/5,-75,6,1871981124
1053,915800000,125,7,4/5,-76,3,1873057139
1054,915200000,125,7,4/5,-76,0,1874133163
1055,916200000,125,7,4/5,-79,5,1875209180
1056,916000000,125,7,4/5,-77,4,1876285195
1057,915800000,125,7,4/5,-78,3,1877361211
1058,916000000,125,7,4/5,-79,4,1878437235
1059,915200000,125,7,4/5,-78,0,1879513251
1060,916400000,125,7,4/5,-77,6,1880589268
1061,915600000,125,7,4/5,-79,2,1881665283
1062,916200000,125,7,4/5,-73,5,1882741308
1063,915400000,125,7,4/5,-79,1,1883817323
1064,916200000,125,7,4/5,-87,5,1884893340
1065,916400000,125,7,4/5,-85,6,1885969356
1066,915600000,125,7,4/5,-78,2,1887045371
1067,916000000,125,7,4/5,-79,4,1888121395
1068,915200000,125,7,4/5,-82,0,1889197411
1069,915800000,125,7,4/5,-76,3,1890273427
1070,915400000,125,7,4/5,-74,1,1891349443
1071,915600000,125,7,4/5,-75,2,1892425459
1072,915800000,125,7,4/5,-75,3,1893501475
1073,915200000,125,7,4/5,-76,0,1894577499
1074,916200000,125,7,4/5,-75,5,1895653516
1075,916000000,125,7,4/5,-76,4,1896729539
1076,916400000,125,7,4/5,-74,6,1897805548
1077,915400000,125,7,4/5,-75,1,1898881571
1078,915200000,125,7,4/5,-74,0,1899957587
1079,915400000,125,7,4/5,-73,1,1901033603
1080,916200000,125,7,4/5,-75,5,1902109628
1081,915800000,125,7,4/5,-78,3,1903185635
1082,916400000,125,7,4/5,-79,6,1904261660
1083,915600000,125,7,4/5,-76,2,1905337675
1084,916000000,125,7,4/5,-76,4,1906413699
1085,915600000,125,7,4/5,-76,2,1907489715
1086,916400000,125,7,4/5,-76,6,1908565732
1087,915800000,125,7,4/5,-76,3,1909641747
1088,916200000,125,7,4/5,-73,5,1910717764
1089,915200000,125,7,4/5,-77,0,1911793787
1090,916000000,125,7,4/5,-76,4,1912869803
1091,915400000,125,7,4/5,-75,1,1913945819
1092,915800000,125,7,4/5,-77,3,1915021835
1093,916400000,125,7,4/5,-74,6,1916097852
1094,915400000,125,7,4/5,-75,1,1917173875
1095,916000000,125,7,4/5,-75,4,1918249891
1096,915600000,125,7,4/5,-75,2,1919325907
1097,915200000,125,7,4/5,-78,0,1920401931
1098,916200000,125,7,4/5,-81,5,1921477948
1099,916400000,125,7,4/5,-79,6,1922553964
1100,915400000,125,7,4/5,-87,1,1923629979
1101,915600000,125,7,4/5,-84,2,1924705995
1102,915800000,125,7,4/5,-87,3,1925782011
1103,916200000,125,7,4/5,-91,5,1926858036
1104,915200000,125,7,4/5,-83,0,1927934059
1105,916000000,125,7,4/5,-79,4,1929010075
1106,916200000,125,7,4/5,-73,5,1930086092
1107,916000000,125,7,4/5,-83,4,1931162107
1108,915200000,125,7,4/5,-77,0,1932238123
1109,915600000,125,7,4/5,-76,2,1933314139
1110,916400000,125,7,4/5,-81,6,1934390156
1111,915800000,125,7,4/5,-81,3,1935466171
1112,915400000,125,7,4/5,-82,1,1936542195
1113,915200000,125,7,4/5,-88,0,1937618219
1114,916000000,125,7,4/5,-77,4,1938694235
1115,916200000,125,7,4/5,-78,5,1939770252
1116,916400000,125,7,4/5,-93,6,1940846268
1117,915800000,125,7,4/5,-77,3,1941922283
1118,915600000,125,7,4/5,-89,2,1942998299
1119,915400000,125,7,4/5,-83,1,1944074323
1120,916400000,125,7,4/5,-78,6,1945150340
1121,916200000,125,7,4/5,-76,5,1946226356
1122,915200000,125,7,4/5,-83,0,1947302379
1123,915800000,125,7,4/5,-85,3,1948378387
1124,915400000,125,7,4/5,-77,1,1949454411
1125,915600000,125,7,4/5,-82,2,1950530427
1126,916000000,125,7,4/5,-76,4,1951606451
1127,916000000,125,7,4/5,-83,4,1952682467
1128,915800000,125,7,4/5,-83,3,1953758475
1129,915600000,125,7,4/5,-84,2,1954834499
1130,915400000,125,7,4/5,-85,1,1955910515
1131,916200000,125,7,4/5,-84,5,1956986532
1133,916400000,125,7,4/5,-83,6,1961078868
1134,915400000,125,7,4/5,-94,1,1962154619
1135,916200000,125,7,4/5,-82,5,1963230636
1136,915800000,125,7,4/5,-89,3,1964306651
1137,915200000,125,7,4/5,-87,0,1965382675
1138,916400000,125,7,4/5,-100,6,1966458692
1139,916000000,125,7,4/5,-90,4,1967534715
1140,915600000,125,7,4/5,-95,2,1968610723
1141,915200000,125,7,4/5,-94,0,1969686747
1142,916200000,125,7,4/5,-94,5,1970762764
1143,916400000,125,7,4/5,-94,6,1971838780
1144,916000000,125,7,4/5,-92,4,1972914795
1145,915600000,125,7,4/5,-91,2,1973990811
1146,915800000,125,7,4/5,-89,3,1975066835
1147,915400000,125,7,4/5,-95,1,1976142851
1148,915200000,125,7,4/5,-100,0,1977218867
1149,915600000,125,7,4/5,-100,2,1978294883
1150,915400000,125,7,4/5,-90,1,1979370907
1151,916400000,125,7,4/5,-93,6,1980446916
1152,916200000,125,7,4/5,-94,5,1981522940
1153,915800000,125,7,4/5,-83,3,1982598955
1154,916000000,125,7,4/5,-88,4,1983674979
1155,915800000,125,7,4/5,-90,3,1984750987
1156,915400000,125,7,4/5,-91,1,1985827011
1157,916400000,125,7,4/5,-84,6,1986903028
1158,916000000,125,7,4/5,-81,4,1987979043
1159,915600000,125,7,4/5,-90,2,1989055059
1160,916200000,125,7,4/5,-79,5,1990131084
1161,915200000,125,7,4/5,-78,0,1991207099
1162,916200000,125,7,4/5,-97,5,1992283116
1163,916000000,125,7,4/5,-81,4,1993359131
1164,915200000,125,7,4/5,-90,0,1994435155
1165,915400000,125,7,4/5,-81,1,1995511163
1166,916400000,125,7,4/5,-77,6,1996587180
1167,915600000,125,7,4/5,-78,2,1997663203
1168,915800000,125,7,4/5,-78,3,1998739219
1169,916400000,125,7,4/5,-85,6,1999815236
1170,915800000,125,7,4/5,-85,3,2000891251
1171,916200000,125,7,4/5,-78,5,2001967276
1172,916000000,125,7,4/5,-87,4,2004983587
1173,915200000,125,7,4/5,-93,0,2006059339
1174,915400000,125,7,4/5,-84,1,2007135355
1175,915600000,125,7,4/5,-87,2,2008211371
1176,916000000,125,7,4/5,-89,4,2009287395
1177,916200000,125,7,4/5,-87,5,2010363412
1178,916400000,125,7,4/5,-89,6,2011439428
1179,915800000,125,7,4/5,-90,3,2012515443
1180,915400000,125,7,4/5,-83,1,2013591459
1181,915600000,125,7,4/5,-91,2,2014667475
1182,915200000,125,7,4/5,-83,0,2015743499
1183,916400000,125,7,4/5,-84,6,2016819516
1184,915200000,125,7,4/5,-73,0,2017895531
1185,916200000,125,7,4/5,-81,5,2018971548
1186,915800000,125,7,4/5,-84,3,2020047563
1187,916000000,125,7,4/5,-85,4,2021123587
1188,915400000,125,7,4/5,-75,1,2022199603
1189,915600000,125,7,4/5,-87,2,2023275619
1190,915600000,125,7,4/5,-78,2,2024351635
1191,915400000,125,7,4/5,-72,1,2025427659
1192,916200000,125,7,4/5,-73,5,2026503676
1193,915800000,125,7,4/5,-71,3,2027579683
1194,915200000,125,7,4/5,-82,0,2028655707
1195,916400000,125,7,4/5,-75,6,2029731724
1196,916000000,125,7,4/5,-77,4,2030807747
1197,916400000,125,7,4/5,-78,6,2031883756
1198,916000000,125,7,4/5,-79,4,2032959779
1199,915600000,125,7,4/5,-79,2,2034035795
1200,915200000,125,7,4/5,-77,0,2035111819
1201,916200000,125,7,4/5,-71,5,2036187828
1202,915400000,125,7,4/5,-79,1,2037263851
1203,915800000,125,7,4/5,-89,3,2038339859
1204,915200000,125,7,4/5,-99,0,2039415883
1205,915400000,125,7,4/5,-87,1,2040491899
1206,916400000,125,7,4/5,-81,6,2041567916
1207,916000000,125,7,4/5,-82,4,2042643939
1208,916200000,125,7,4/5,-89,5,2043719956
1209,915800000,125,7,4/5,-82,3,2044795971
1210,915600000,125,7,4/5,-100,2,2045871987
1211,915800000,125,7,4/5,-90,3,2046948003
1212,915600000,125,7,4/5,-81,2,2048024019
1213,916000000,125,7,4/5,-87,4,2051040339
1214,915400000,125,7,4/5,-88,1,2052116091
1215,916200000,125,7,4/5,-88,5,2053192108
1216,916400000,125,7,4/5,-85,6,2054268124
1217,915200000,125,7,4/5,-90,0,2055344147
1218,915600000,125,7,4/5,-89,2,2056420163
1219,916400000,125,7,4/5,-88,6,2057496180
1220,915200000,125,7,4/5,-87,0,2058572195
1221,915400000,125,7,4/5,-84,1,2059648211
1222,915800000,125,7,4/5,-91,3,2060724227
1223,916200000,125,7,4/5,-92,5,2061800252
1225,915200000,125,7,4/5,-90,0,2065892579
1227,916000000,125,7,4/5,-98,4,2069984651
1228,915400000,125,7,4/5,-92,1,2072988699
1229,916400000,125,7,4/5,-94,6,2074064452
1230,915800000,125,7,4/5,-93,3,2075140467
1231,916200000,125,7,4/5,-91,5,2076216484
1232,916200000,125,7,4/5,-95,5,2077292500
1233,916000000,125,7,4/5,-97,4,2078368523
1234,915400000,125,7,4/5,-95,1,2079444539
1235,915800000,125,7,4/5,-94,3,2080520555
1236,915600000,125,7,4/5,-96,2,2081596571
1237,915200000,125,7,4/5,-99,0,2084612891
1238,916400000,125,7,4/5,-95,6,2085688644
1239,916000000,125,7,4/5,-102,4,2086764659
1240,915800000,125,7,4/5,-90,3,2087840675
1241,915400000,125,7,4/5,-86,1,2088916691
1242,916200000,125,7,4/5,-86,5,2089992716
1243,916400000,125,7,4/5,-89,6,2091068732
1244,915600000,125,7,4/5,-89,2,2092144747
1245,915200000,125,7,4/5,-93,0,2093220763
1246,916400000,125,7,4/5,-88,6,2094296780
1247,916200000,125,7,4/5,-90,5,2095372804
1248,915600000,125,7,4/5,-85,2,2096448819
1249,915400000,125,7,4/5,-100,1,2097524835
1250,915800000,125,7,4/5,-87,3,2098600851
1251,915200000,125,7,4/5,-90,0,2099676875
1252,916000000,125,7,4/5,-88,4,2100752891
1253,915200000,125,7,4/5,-91,0,2101828907
1254,916000000,125,7,4/5,-91,4,2102904923
1255,916400000,125,7,4/5,-87,6,2103980940
1256,915400000,125,7,4/5,-84,1,2105056963
1257,916200000,125,7,4/5,-91,5,2106132980
1259,915800000,125,7,4/5,-88,3,2110225307
1260,915400000,125,7,4/5,-91,1,2111301059
1261,916000000,125,7,4/5,-88,4,2112377083
1262,915200000,125,7,4/5,-91,0,2113453099
1263,916200000,125,7,4/5,-88,5,2114529116
1264,916400000,125,7,4/5,-89,6,2115605132
1265,915600000,125,7,4/5,-87,2,2116681147
1266,915800000,125,7,4/5,-89,3,2117757163
1267,915200000,125,7,4/5,-94,0,2118833187
1268,915400000,125,7,4/5,-90,1,2119909203
1269,915600000,125,7,4/5,-91,2,2120985219
1270,916200000,125,7,4/5,-93,5,2122061244
1271,915800000,125,7,4/5,-93,3,2123137251
1272,916400000,125,7,4/5,-94,6,2124213276
1273,916000000,125,7,4/5,-90,4,2125289299
1274,916200000,125,7,4/5,-90,5,2126365316
1275,916000000,125,7,4/5,-93,4,2127441331
1276,915400000,125,7,4/5,-97,1,2128517347
1277,915200000,125,7,4/5,-91,0,2129593371
1278,915800000,125,7,4/5,-91,3,2130669379
1279,916400000,125,7,4/5,-90,6,2131745404
1280,915600000,125,7,4/5,-88,2,2132821419
1281,915800000,125,7,4/5,-95,3,2133897435
1282,915400000,125,7,4/5,-92,1,2134973459
1283,915600000,125,7,4/5,-85,2,2137989763
1284,915200000,125,7,4/5,-91,0,2139065523
1285,916200000,125,7,4/5,-93,5,2140141540
1286,916000000,125,7,4/5,-90,4,2141217563
1287,916400000,125,7,4/5,-88,6,2142293572
1288,916400000,125,7,4/5,-93,6,2143369596
1289,916200000,125,7,4/5,-94,5,2144445612
1290,915800000,125,7,4/5,-91,3,2145521627
1291,915600000,125,7,4/5,-88,2,2146597651
1292,915200000,125,7,4/5,-91,0,2147673667
1293,916000000,125,7,4/5,-102,4,2148749683
1294,915400000,125,7,4/5,-98,1,2149825699
1295,915200000,125,7,4/5,-91,0,2150901723
1296,915400000,125,7,4/5,-99,1,2151977739
1297,916000000,125,7,4/5,-101,4,2153053755
1298,915800000,125,7,4/5,-96,3,2154129771
1299,916400000,125,7,4/5,-90,6,2155205788
1300,915600000,125,7,4/5,-97,2,2156281811
1301,916200000,125,7,4/5,-95,5,2157357828
1302,915200000,125,7,4/5,-93,0,2158433851
1303,916200000,125,7,4/5,-99,5,2159509868
1304,916000000,125,7,4/5,-93,4,2160585883
1305,915600000,125,7,4/5,-91,2,2161661899
1306,915400000,125,7,4/5,-91,1,2162737915
1307,916400000,125,7,4/5,-86,6,2163813932
1308,915800000,125,7,4/5,-89,3,2164889947
1309,915200000,125,7,4/5,-79,0,2165965971
1310,916000000,125,7,4/5,-83,4,2167041995
1311,915800000,125,7,4/5,-83,3,2168118003
1312,915400000,125,7,4/5,-83,1,2169194027
1313,916400000,125,7,4/5,-82,6,2170270044
1314,915600000,125,7,4/5,-85,2,2171346059
1315,916200000,125,7,4/5,-82,5,2172422076
1316,916200000,125,7,4/5,-83,5,2173498100
1317,915200000,125,7,4/5,-81,0,2174574115
1318,916400000,125,7,4/5,-83,6,2175650132
1319,915800000,125,7,4/5,-81,3,2176726147
1320,916000000,125,7,4/5,-84,4,2177802171
1321,915400000,125,7,4/5,-81,1,2178878187
1322,915600000,125,7,4/5,-82,2,2179954203
1323,915200000,125,7,4/5,-85,0,2181030227
1324,915400000,125,7,4/5,-81,1,2182106243
1325,916400000,125,7,4/5,-84,6,2183182260
1326,916000000,125,7,4/5,-80,4,2184258283
1327,915800000,125,7,4/5,-83,3,2185334291
1328,915600000,125,7,4/5,-81,2,2186410307
1329,916200000,125,7,4/5,-83,5,2187486332
1330,915800000,125,7,4/5,-81,3,2188562347
1331,915400000,125,7,4/5,-79,1,2189638371
1332,916200000,125,7,4/5,-81,5,2190714380
1333,915600000,125,7,4/5,-80,2,2191790395
1334,915200000,125,7,4/5,-83,0,2192866419
1335,916400000,125,7,4/5,-82,6,2193942436
1336,916000000,125,7,4/5,-84,4,2195018459
1337,915800000,125,7,4/5,-81,3,2196094467
1338,915200000,125,7,4/5,-82,0,2197170499
1339,915600000,125,7,4/5,-82,2,2198246507
1340,915400000,125,7,4/5,-82,1,2199322531
1341,916200000,125,7,4/5,-82,5,2200398548
1342,916400000,125,7,4/5,-82,6,2201474564
1343,916000000,125,7,4/5,-82,4,2202550587
1344,916200000,125,7,4/5,-81,5,2203626604
1345,915200000,125,7,4/5,-81,0,2204702619
1346,916400000,125,7,4/5,-82,6,2205778636
1347,915800000,125,7,4/5,-84,3,2206854651
1348,915600000,125,7,4/5,-82,2,2207930675
1349,915400000,125,7,4/5,-81,1,2209006691
1350,916000000,125,7,4/5,-81,4,2210082715
1351,915600000,125,7,4/5,-83,2,2211158723
1352,915400000,125,7,4/5,-81,1,2212234747
1353,916200000,125,7,4/5,-81,5,2213310764
1354,915800000,125,7,4/5,-82,3,2214386779
1355,915200000,125,7,4/5,-84,0,2215462803
1356,916400000,125,7,4/5,-81,6,2216538820
1357,916000000,125,7,4/5,-95,4,2217614835
1358,916000000,125,7,4/5,-85,4,2218690859
1359,915200000,125,7,4/5,-88,0,2219766875
1360,915400000,125,7,4/5,-89,1,2220842891
1361,915600000,125,7,4/5,-84,2,2221918907
1362,916400000,125,7,4/5,-88,6,2222994924
1363,915800000,125,7,4/5,-82,3,2224070939
1364,916200000,125,7,4/5,-93,5,2225146964
1365,916200000,125,7,4/5,-81,5,2226222980
1366,915400000,125,7,4/5,-95,1,2227298995
1367,916000000,125,7,4/5,-81,4,2228375019
1368,916400000,125,7,4/5,-79,6,2229451036
1369,915200000,125,7,4/5,-84,0,2230527051
1370,915800000,125,7,4/5,-81,3,2231603067
1371,915600000,125,7,4/5,-85,2,2232679083
1372,915800000,125,7,4/5,-73,3,2233755099
1373,915600000,125,7,4/5,-94,2,2234831123
1374,915400000,125,7,4/5,-84,1,2235907139
1375,916200000,125,7,4/5,-102,5,2236983164
1376,915200000,125,7,4/5,-79,0,2238059179
1377,916000000,125,7,4/5,-78,4,2239135195
1378,916400000,125,7,4/5,-87,6,2240211212
1379,915200000,125,7,4/5,-84,0,2241287235
1380,915600000,125,7,4/5,-75,2,2242363251
1381,916400000,125,7,4/5,-85,6,2243439268
1382,915800000,125,7,4/5,-84,3,2244515283
1383,916200000,125,7,4/5,-76,5,2245591308
1384,916000000,125,7,4/5,-83,4,2246667323
1385,915400000,125,7,4/5,-83,1,2247743339
1386,915200000,125,7,4/5,-87,0,2248819363
1387,916000000,125,7,4/5,-87,4,2249895379
1388,915800000,125,7,4/5,-95,3,2250971395
1389,915400000,125,7,4/5,-93,1,2252047411
1390,916400000,125,7,4/5,-90,6,2253123436
1391,915600000,125,7,4/5,-86,2,2254199451
1392,916200000,125,7,4/5,-97,5,2255275468
1393,916000000,125,7,4/5,-99,4,2256351491
1394,915400000,125,7,4/5,-97,1,2257427499
1395,916200000,125,7,4/5,-101,5,2258503524
1397,916400000,125,7,4/5,-101,6,2262595852
1398,915800000,125,7,4/5,-103,3,2263671603
1399,915600000,125,7,4/5,-100,2,2264747627
1400,915800000,125,7,4/5,-100,3,2265823643
1401,916400000,125,7,4/5,-101,6,2266899660
1402,915400000,125,7,4/5,-101,1,2267975683
1403,916000000,125,7,4/5,-101,4,2269051699
1404,915600000,125,7,4/5,-99,2,2270127707
1405,915200000,125,7,4/5,-95,0,2271203731
1406,916200000,125,7,4/5,-97,5,2272279748
1407,916400000,125,7,4/5,-97,6,2273355764
1408,915200000,125,7,4/5,-102,0,2274431787
1409,916200000,125,7,4/5,-97,5,2275507804
1411,915600000,125,7,4/5,-102,2,2279600131
1412,915400000,125,7,4/5,-94,1,2280675883
1413,916000000,125,7,4/5,-85,4,2281751907
1414,915200000,125,7,4/5,-96,0,2282827923
1415,916000000,125,7,4/5,-89,4,2283903939
1416,916400000,125,7,4/5,-99,6,2284979956
1417,915600000,125,7,4/5,-88,2,2286055971
1418,915800000,125,7,4/5,-82,3,2287131987
1419,916200000,125,7,4/5,-84,5,2288208012
1420,915400000,125,7,4/5,-101,1,2289284027
1421,915800000,125,7,4/5,-84,3,2290360043
1422,915600000,125,7,4/5,-88,2,2291436059
1423,915400000,125,7,4/5,-79,1,2292512083
1424,915200000,125,7,4/5,-91,0,2293588099
1425,916000000,125,7,4/5,-84,4,2294664115
1426,916200000,125,7,4/5,-83,5,2295740132
1427,916400000,125,7,4/5,-96,6,2296816148
1428,915400000,125,7,4/5,-89,1,2297892171
1429,915200000,125,7,4/5,-91,0,2298968187
1430,916400000,125,7,4/5,-88,6,2301984500
1431,916000000,125,7,4/5,-84,4,2303060259
1432,915800000,125,7,4/5,-91,3,2304136267
1433,916200000,125,7,4/5,-87,5,2305212292
1434,915600000,125,7,4/5,-83,2,2306288307
1435,916400000,125,7,4/5,-90,6,2307364324
1436,915600000,125,7,4/5,-102,2,2308440339
1437,915800000,125,7,4/5,-87,3,2309516355
1438,915400000,125,7,4/5,-93,1,2310592379
1439,916000000,125,7,4/5,-83,4,2311668395
1440,916200000,125,7,4/5,-88,5,2312744412
1441,915200000,125,7,4/5,-76,0,2313820435
1442,915400000,125,7,4/5,-90,1,2314896451
1443,915800000,125,7,4/5,-82,3,2315972459
1444,915200000,125,7,4/5,-85,0,2317048483
1445,915600000,125,7,4/5,-84,2,2318124499
1446,916000000,125,7,4/5,-88,4,2319200523
1447,916200000,125,7,4/5,-89,5,2320276540
1448,916400000,125,7,4/5,-90,6,2321352556
1449,915600000,125,7,4/5,-88,2,2322428571
1450,915400000,125,7,4/5,-81,1,2323504587
1451,916200000,125,7,4/5,-83,5,2326520900
1452,915200000,125,7,4/5,-85,0,2327596659
1453,916000000,125,7,4/5,-90,4,2328672675
1454,916400000,125,7,4/5,-89,6,2329748692
1455,915800000,125,7,4/5,-95,3,2330824707
1456,915600000,125,7,4/5,-93,2,2331900723
1457,916200000,125,7,4/5,-78,5,2332976748
1458,915400000,125,7,4/5,-84,1,2334052763
1459,916400000,125,7,4/5,-90,6,2335128780
1460,916000000,125,7,4/5,-94,4,2336204795
1461,915800000,125,7,4/5,-85,3,2337280811
1462,915200000,125,7,4/5,-81,0,2338356835
1463,916400000,125,7,4/5,-94,6,2339432844
1464,915600000,125,7,4/5,-91,2,2340508867
1465,916200000,125,7,4/5,-90,5,2341584884
1466,915400000,125,7,4/5,-81,1,2342660899
1467,915200000,125,7,4/5,-98,0,2343736923
1468,916000000,125,7,4/5,-84,4,2344812939
1469,915800000,125,7,4/5,-89,3,2345888947
1470,915200000,125,7,4/5,-82,0,2346964971
1471,915400000,125,7,4/5,-91,1,2348040987
1472,915800000,125,7,4/5,-102,3,2349117003
1473,915600000,125,7,4/5,-88,2,2350193019
1474,916200000,125,7,4/5,-91,5,2351269044
1475,916000000,125,7,4/5,-83,4,2352345059
1476,916400000,125,7,4/5,-83,6,2353421076
1477,915800000,125,7,4/5,-83,3,2354497091
1478,916400000,125,7,4/5,-79,6,2355573108
1479,915400000,125,7,4/5,-78,1,2356649131
1480,916200000,125,7,4/5,-79,5,2357725148
1481,916000000,125,7,4/5,-77,4,2358801163
1482,915200000,125,7,4/5,-78,0,2359877187
1483,915600000,125,7,4/5,-76,2,2360953195
1484,916200000,125,7,4/5,-81,5,2362029220
1486,915600000,125,7,4/5,-84,2,2368049579
1487,916000000,125,7,4/5,-83,4,2369125339
1488,916400000,125,7,4/5,-89,6,2372141644
1489,915200000,125,7,4/5,-94,0,2373217403
1490,915800000,125,7,4/5,-91,3,2374293411
1491,915600000,125,7,4/5,-91,2,2375369435
1492,915400000,125,7,4/5,-81,1,2376445451
1493,915800000,125,7,4/5,-85,3,2377521467
1494,916200000,125,7,4/5,-95,5,2378597492
1495,915200000,125,7,4/5,-93,0,2379673507
1496,916400000,125,7,4/5,-89,6,2380749524
1497,916000000,125,7,4/5,-89,4,2381825547
1498,915600000,125,7,4/5,-88,2,2382901555
1499,916400000,125,7,4/5,-87,6,2383977580
1500,915800000,125,7,4/5,-85,3,2385053595
1501,915200000,125,7,4/5,-85,0,2386129611
1502,916000000,125,7,4/5,-93,4,2387205635
1503,915400000,125,7,4/5,-87,1,2388281651
1504,916200000,125,7,4/5,-93,5,2389357668
1505,915400000,125,7,4/5,-91,1,2390433683
1506,916400000,125,7,4/5,-89,6,2391509700
1507,916200000,125,7,4/5,-101,5,2394526012
1508,915200000,125,7,4/5,-90,0,2395601771
1509,916000000,125,7,4/5,-99,4,2396677787
1510,915800000,125,7,4/5,-98,3,2397753795
1511,915600000,125,7,4/5,-97,2,2398829819
1512,915400000,125,7,4/5,-90,1,2399905835
1513,916000000,125,7,4/5,-93,4,2400981859
1514,915200000,125,7,4/5,-102,0,2402057875
1515,916400000,125,7,4/5,-90,6,2403133892
1516,915600000,125,7,4/5,-96,2,2404209907
1517,916200000,125,7,4/5,-96,5,2405285924
1518,915800000,125,7,4/5,-97,3,2406361939
1519,915600000,125,7,4/5,-99,2,2407437955
1520,916000000,125,7,4/5,-102,4,2408513979
1521,916400000,125,7,4/5,-101,6,2409589996
1522,915400000,125,7,4/5,-100,1,2410666011
1523,915200000,125,7,4/5,-102,0,2411742035
1524,916200000,125,7,4/5,-101,5,2412818052
1525,915800000,125,7,4/5,-102,3,2413894059
1526,915800000,125,7,4/5,-102,3,2414970083
1527,916400000,125,7,4/5,-102,6,2416046100
1528,915600000,125,7,4/5,-102,2,2417122115
1529,915200000,125,7,4/5,-102,0,2420138435
1530,916200000,125,7,4/5,-101,5,2421214188
1531,915400000,125,7,4/5,-103,1,2422290203
1532,916000000,125,7,4/5,-100,4,2423366219
1533,915400000,125,7,4/5,-98,1,2424442235
1534,916000000,125,7,4/5,-101,4,2425518259
1535,916400000,125,7,4/5,-99,6,2426594276
1536,916200000,125,7,4/5,-100,5,2427670292
1537,915200000,125,7,4/5,-100,0,2428746315
1538,915800000,125,7,4/5,-97,3,2429822323
1539,915600000,125,7,4/5,-99,2,2430898339
1540,915600000,125,7,4/5,-97,2,2431974363
1541,916200000,125,7,4/5,-99,5,2433050380
1542,916400000,125,7,4/5,-97,6,2434126396
1543,915800000,125,7,4/5,-100,3,2435202411
1544,915200000,125,7,4/5,-101,0,2436278435
1545,916000000,125,7,4/5,-100,4,2437354451
1546,915400000,125,7,4/5,-102,1,2438430467
1547,915600000,125,7,4/5,-101,2,2439506483
1548,916200000,125,7,4/5,-91,5,2440582508
1549,915200000,125,7,4/5,-97,0,2441658523
1550,916000000,125,7,4/5,-94,4,2442734539
1551,916400000,125,7,4/5,-94,6,2443810556
1552,915400000,125,7,4/5,-94,1,2444886571
1553,915800000,125,7,4/5,-94,3,2447902883
1554,916400000,125,7,4/5,-92,6,2448978636
1555,915200000,125,7,4/5,-96,0,2450054659
1556,916200000,125,7,4/5,-94,5,2451130676
1557,915400000,125,7,4/5,-94,1,2452206691
1558,915600000,125,7,4/5,-94,2,2453282707
1559,916000000,125,7,4/5,-94,4,2454358731
1560,915800000,125,7,4/5,-91,3,2455434747
1561,916000000,125,7,4/5,-92,4,2456510763
1562,915400000,125,7,4/5,-94,1,2457586779
1563,916400000,125,7,4/5,-93,6,2458662796
1564,916200000,125,7,4/5,-92,5,2459738820
1565,915600000,125,7,4/5,-95,2,2460814835
1566,915200000,125,7,4/5,-95,0,2461890851
1567,915800000,125,7,4/5,-94,3,2462966867
1568,915400000,125,7,4/5,-94,1,2464042891
1569,916000000,125,7,4/5,-94,4,2465118907
1570,916400000,125,7,4/5,-93,6,2466194924
1571,916200000,125,7,4/5,-92,5,2467270940
1572,915200000,125,7,4/5,-97,0,2468346963
1573,915600000,125,7,4/5,-93,2,2469422971
1574,915800000,125,7,4/5,-92,3,2470498987
1575,915800000,125,7,4/5,-95,3,2471575011
1576,915200000,125,7,4/5,-97,0,2472651035
1577,916200000,125,7,4/5,-91,5,2473727052
1578,916000000,125,7,4/5,-94,4,2474803067
1579,916400000,125,7,4/5,-94,6,2475879084
1580,915400000,125,7,4/5,-96,1,2476955099
1581,915600000,125,7,4/5,-96,2,2478031115
1582,916400000,125,7,4/5,-94,6,2479107132
1583,916000000,125,7,4/5,-95,4,2480183155
1584,915200000,125,7,4/5,-96,0,2481259171
1585,915400000,125,7,4/5,-94,1,2482335187
1586,915600000,125,7,4/5,-95,2,2485351499
1587,916200000,125,7,4/5,-95,5,2486427260
1588,915800000,125,7,4/5,-94,3,2487503275
1589,915400000,125,7,4/5,-96,1,2488579291
1591,915800000,125,7,4/5,-96,3,2492671619
1592,916400000,125,7,4/5,-95,6,2493747380
1593,915600000,125,7,4/5,-99,2,2494823395
1594,915200000,125,7,4/5,-98,0,2495899419
1595,916200000,125,7,4/5,-95,5,2496975436
1596,916000000,125,7,4/5,-96,4,2498051451
1597,915600000,125,7,4/5,-97,2,2499127467
1598,916400000,125,7,4/5,-95,6,2500203484
1599,916200000,125,7,4/5,-92,5,2501279500
1600,915200000,125,7,4/5,-100,0,2502355523
1601,915800000,125,7,4/5,-93,3,2503431531
1602,915400000,125,7,4/5,-96,1,2504507555
1603,915200000,125,7,4/5,-100,0,2505583579
1604,915800000,125,7,4/5,-95,3,2506659587
1605,915400000,125,7,4/5,-97,1,2507735611
1606,916000000,125,7,4/5,-94,4,2510751923
1607,915600000,125,7,4/5,-87,2,2511827675
1608,916200000,125,7,4/5,-84,5,2512903700
1609,916400000,125,7,4/5,-89,6,2513979708
1610,915800000,125,7,4/5,-100,3,2515055723
1611,915600000,125,7,4/5,-89,2,2516131747
1612,916000000,125,7,4/5,-82,4,2517207771
1613,915400000,125,7,4/5,-81,1,2518283787
1614,916200000,125,7,4/5,-97,5,2519359804
1615,916400000,125,7,4/5,-100,6,2520435820
1616,915200000,125,7,4/5,-92,0,2523452131
1617,915400000,125,7,4/5,-92,1,2524527883
1618,916000000,125,7,4/5,-96,4,2525603907
1619,916400000,125,7,4/5,-91,6,2526679924
1620,915200000,125,7,4/5,-93,0,2527755939
1622,915800000,125,7,4/5,-87,3,2531848267
1623,916200000,125,7,4/5,-83,5,2532924028
1624,915600000,125,7,4/5,-79,2,2534000043
1625,916200000,125,7,4/5,-82,5,2535076060
1626,915800000,125,7,4/5,-79,3,2536152075
1627,916000000,125,7,4/5,-93,4,2537228099
1628,915200000,125,7,4/5,-85,0,2538304115
1629,916400000,125,7,4/5,-93,6,2539380132
1630,915400000,125,7,4/5,-84,1,2540456155
1631,915200000,125,7,4/5,-88,0,2541532171
1632,915800000,125,7,4/5,-85,3,2542608179
1633,916000000,125,7,4/5,-79,4,2543684203
1634,916200000,125,7,4/5,-95,5,2544760220
1635,916400000,125,7,4/5,-96,6,2545836236
1636,915600000,125,7,4/5,-99,2,2546912251
1637,915400000,125,7,4/5,-97,1,2547988275
1638,916200000,125,7,4/5,-97,5,2549064292
1639,915600000,125,7,4/5,-95,2,2550140307
1640,915800000,125,7,4/5,-95,3,2551216323
1641,915200000,125,7,4/5,-101,0,2552292347
1642,916000000,125,7,4/5,-101,4,2553368363
1644,916400000,125,7,4/5,-97,6,2557460692
1645,915200000,125,7,4/5,-100,0,2558536451
1646,916400000,125,7,4/5,-102,6,2559612460
1647,915400000,125,7,4/5,-97,1,2560688483
1648,915600000,125,7,4/5,-99,2,2561764499
1650,916200000,125,7,4/5,-99,5,2565856828
1651,915800000,125,7,4/5,-100,3,2566932579
1652,915200000,125,7,4/5,-100,0,2568008603
1653,915600000,125,7,4/5,-102,2,2569084611
1654,915800000,125,7,4/5,-99,3,2570160627
1655,916200000,125,7,4/5,-99,5,2571236652
1656,916000000,125,7,4/5,-99,4,2572312667
1659,915400000,125,7,4/5,-89,1,2579409043
1660,915200000,125,7,4/5,-91,0,2580484803
1661,916000000,125,7,4/5,-87,4,2581560819
1662,915800000,125,7,4/5,-83,3,2582636827
1663,916400000,125,7,4/5,-77,6,2583712844
1664,916200000,125,7,4/5,-79,5,2584788868
1665,915600000,125,7,4/5,-84,2,2585864883
1666,916000000,125,7,4/5,-82,4,2586940899
1667,915800000,125,7,4/5,-81,3,2588016915
1668,916200000,125,7,4/5,-79,5,2589092932
1669,915200000,125,7,4/5,-84,0,2590168955
1670,916400000,125,7,4/5,-83,6,2591244972
1671,915400000,125,7,4/5,-81,1,2592320987
1672,915600000,125,7,4/5,-79,2,2593397003
1673,916200000,125,7,4/5,-85,5,2594473020
1674,915800000,125,7,4/5,-79,3,2595549035
1675,915200000,125,7,4/5,-83,0,2596625059
1676,916400000,125,7,4/5,-83,6,2597701068
1677,916000000,125,7,4/5,-81,4,2598777091
1678,915600000,125,7,4/5,-82,2,2599853107
1679,915400000,125,7,4/5,-83,1,2600929123
1680,915200000,125,7,4/5,-79,0,2602005139
1681,915600000,125,7,4/5,-84,2,2603081155
1682,916400000,125,7,4/5,-79,6,2604157172
1683,916200000,125,7,4/5,-72,5,2605233196
1684,915400000,125,7,4/5,-79,1,2606309211
1685,915800000,125,7,4/5,-76,3,2607385219
1686,916000000,125,7,4/5,-89,4,2608461243
1687,916000000,125,7,4/5,-97,4,2609537259
1688,915200000,125,7,4/5,-81,0,2610613283
1689,916200000,125,7,4/5,-84,5,2611689292
1690,915800000,125,7,4/5,-83,3,2612765307
1691,915400000,125,7,4/5,-81,1,2613841331
1692,915600000,125,7,4/5,-82,2,2614917347
1693,916400000,125,7,4/5,-75,6,2615993364
1694,915600000,125,7,4/5,-83,2,2617069379
1695,915200000,125,7,4/5,-84,0,2618145395
1696,915800000,125,7,4/5,-87,3,2619221411
1697,916000000,125,7,4/5,-79,4,2620297435
1698,915400000,125,7,4/5,-82,1,2621373451
1699,916200000,125,7,4/5,-89,5,2622449468
1700,916400000,125,7,4/5,-76,6,2623525484
1701,915200000,125,7,4/5,-73,0,2624601499
1702,915400000,125,7,4/5,-81,1,2625677515
1703,915800000,125,7,4/5,-73,3,2626753531
1704,915600000,125,7,4/5,-83,2,2627829547
1705,916400000,125,7,4/5,-85,6,2628905564
1706,916000000,125,7,4/5,-87,4,2629981587
1707,916200000,125,7,4/5,-79,5,2631057604
1708,915400000,125,7,4/5,-84,1,2632133619
1709,916200000,125,7,4/5,-82,5,2633209636
1710,915800000,125,7,4/5,-80,3,2634285651
1711,916000000,125,7,4/5,-78,4,2635361675
1712,915600000,125,7,4/5,-77,2,2636437683
1713,915200000,125,7,4/5,-88,0,2637513707
1714,916400000,125,7,4/5,-78,6,2638589724
1715,915600000,125,7,4/5,-87,2,2639665739
1716,915400000,125,7,4/5,-89,1,2640741755
1717,915200000,125,7,4/5,-76,0,2641817771
1718,916000000,125,7,4/5,-78,4,2642893795
1719,916400000,125,7,4/5,-82,6,2643969804
1720,915800000,125,7,4/5,-76,3,2645045819
1721,916200000,125,7,4/5,-80,5,2646121844
1722,916000000,125,7,4/5,-96,4,2647197859
1723,915600000,125,7,4/5,-89,2,2648273875
1724,915200000,125,7,4/5,-85,0,2649349891
1725,915800000,125,7,4/5,-79,3,2650425907
1726,915400000,125,7,4/5,-75,1,2651501923
1727,916400000,125,7,4/5,-78,6,2652577940
1728,916200000,125,7,4/5,-72,5,2653653956
1729,915400000,125,7,4/5,-74,1,2654729979
1730,915800000,125,7,4/5,-79,3,2655805987
1731,916400000,125,7,4/5,-75,6,2656882012
1732,916200000,125,7,4/5,-77,5,2657958028
1733,916000000,125,7,4/5,-77,4,2659034043
1734,915200000,125,7,4/5,-75,0,2661394083
1735,915600000,125,7,4/5,-72,2,2662470091
1736,915200000,125,7,4/5,-75,0,2663546115
1737,915800000,125,7,4/5,-73,3,2664622131
1738,916000000,125,7,4/5,-73,4,2665698147
1739,916200000,125,7,4/5,-75,5,2666774164
1740,915600000,125,7,4/5,-75,2,2667850179
1741,915400000,125,7,4/5,-73,1,2668926195
1742,916400000,125,7,4/5,-74,6,2670002212
1743,916200000,125,7,4/5,-73,5,2671078236
1744,915800000,125,7,4/5,-73,3,2672154243
1745,915600000,125,7,4/5,-82,2,2673230267
1746,916000000,125,7,4/5,-91,4,2674306283
1747,915200000,125,7,4/5,-88,0,2677322595
1748,916400000,125,7,4/5,-81,6,2678398348
1749,915400000,125,7,4/5,-83,1,2679474363
1751,916400000,125,7,4/5,-91,6,2685494724
1752,915400000,125,7,4/5,-75,1,2686570475
1753,915200000,125,7,4/5,-75,0,2687646499
1754,915800000,125,7,4/5,-75,3,2688722507
1755,916000000,125,7,4/5,-75,4,2689798531
1756,916200000,125,7,4/5,-75,5,2690874548
1757,915400000,125,7,4/5,-73,1,2691950563
1758,916000000,125,7,4/5,-75,4,2693026579
1759,915200000,125,7,4/5,-72,0,2694102595
1760,915600000,125,7,4/5,-72,2,2695178611
1761,915800000,125,7,4/5,-73,3,2696254627
1762,916400000,125,7,4/5,-72,6,2697330644
1763,916200000,125,7,4/5,-72,5,2698406668
1764,916400000,125,7,4/5,-71,6,2699482684
1765,916200000,125,7,4/5,-73,5,2700558700
1766,915200000,125,7,4/5,-75,0,2701634715
1767,916000000,125,7,4/5,-72,4,2702710739
1768,915800000,125,7,4/5,-73,3,2703786747
1769,915600000,125,7,4/5,-70,2,2704862763
1770,915400000,125,7,4/5,-72,1,2705938787
1771,916000000,125,7,4/5,-76,4,2707014803
1772,916200000,125,7,4/5,-75,5,2708090820
1773,915800000,125,7,4/5,-73,3,2709166835
1774,915600000,125,7,4/5,-75,2,2710242851
1775,915200000,125,7,4/5,-75,0,2711318875
1776,916400000,125,7,4/5,-73,6,2712394884
1777,915400000,125,7,4/5,-73,1,2713470907
1778,915600000,125,7,4/5,-75,2,2716487211
1779,916400000,125,7,4/5,-74,6,2717562972
1780,915800000,125,7,4/5,-73,3,2718638979
1781,915400000,125,7,4/5,-73,1,2719715003
1782,916000000,125,7,4/5,-72,4,2720791019
1783,916200000,125,7,4/5,-72,5,2721867036
1784,915200000,125,7,4/5,-75,0,2722943059
1785,916200000,125,7,4/5,-73,5,2724019076
1786,915200000,125,7,4/5,-76,0,2725095091
1787,915800000,125,7,4/5,-71,3,2726171107
1789,916000000,125,7,4/5,-75,4,2730263435
1790,915600000,125,7,4/5,-72,2,2731339187
1791,916400000,125,7,4/5,-73,6,2734355500
1792,916000000,125,7,4/5,-75,4,2735431259
1793,915600000,125,7,4/5,-78,2,2736507267
1794,915800000,125,7,4/5,-72,3,2737583283
1795,916200000,125,7,4/5,-73,5,2738659308
1796,915200000,125,7,4/5,-73,0,2739735323
1797,915400000,125,7,4/5,-72,1,2740811339
1798,916400000,125,7,4/5,-72,6,2741887356
1799,916000000,125,7,4/5,-75,4,2742963379
1800,915400000,125,7,4/5,-72,1,2744039395
1801,915200000,125,7,4/5,-75,0,2745115411
1802,915800000,125,7,4/5,-69,3,2746191427
1803,915600000,125,7,4/5,-72,2,2747267443
1804,916400000,125,7,4/5,-72,6,2748343460
1805,916200000,125,7,4/5,-73,5,2749419484
1806,916400000,125,7,4/5,-72,6,2750495500
1807,915600000,125,7,4/5,-71,2,2751571515
1808,915800000,125,7,4/5,-73,3,2752647531
1809,915200000,125,7,4/5,-75,0,2753723555
1810,915400000,125,7,4/5,-73,1,2754799571
1811,916200000,125,7,4/5,-72,5,2757815884
1812,916000000,125,7,4/5,-73,4,2760819931
1813,915800000,125,7,4/5,-72,3,2761895675
1814,916200000,125,7,4/5,-73,5,2762971700
1815,915600000,125,7,4/5,-72,2,2764047715
1816,915200000,125,7,4/5,-75,0,2765123739
1817,915400000,125,7,4/5,-73,1,2766199755
1818,916400000,125,7,4/5,-72,6,2767275764
1819,916000000,125,7,4/5,-73,4,2768351787
1820,915600000,125,7,4/5,-72,2,2769427803
1821,915800000,125,7,4/5,-73,3,2770503819
1822,916400000,125,7,4/5,-72,6,2771579836
1823,916200000,125,7,4/5,-73,5,2772655860
1824,915400000,125,7,4/5,-73,1,2773731875
1825,916000000,125,7,4/5,-73,4,2774807891
1826,915200000,125,7,4/5,-73,0,2775883915
1827,915200000,125,7,4/5,-75,0,2776959931
1828,916200000,125,7,4/5,-73,5,2778035948
1829,916000000,125,7,4/5,-75,4,2779111963
1830,915600000,125,7,4/5,-67,2,2780187979
1831,915400000,125,7,4/5,-73,1,2781263995
1832,915800000,125,7,4/5,-73,3,2782340011
1834,916000000,125,7,4/5,-73,4,2786432347
1835,915600000,125,7,4/5,-71,2,2787508099
1836,916400000,125,7,4/5,-71,6,2788584116
1837,915200000,125,7,4/5,-72,0,2789660139
1838,915400000,125,7,4/5,-72,1,2790736155
1839,915800000,125,7,4/5,-75,3,2791812163
1840,916200000,125,7,4/5,-76,5,2792888188
1841,916400000,125,7,4/5,-77,6,2793964204
1842,915800000,125,7,4/5,-76,3,2795040219
1843,915400000,125,7,4/5,-75,1,2796116235
1844,915200000,125,7,4/5,-78,0,2797192259
1845,916200000,125,7,4/5,-77,5,2798268276
1846,915600000,125,7,4/5,-75,2,2799344291
1847,916000000,125,7,4/5,-73,4,2800420315
1848,916400000,125,7,4/5,-73,6,2801496324
1849,915400000,125,7,4/5,-77,1,2802572347
1850,915600000,125,7,4/5,-75,2,2803648363
1851,916000000,125,7,4/5,-77,4,2804724379
1852,915200000,125,7,4/5,-76,0,2805800395
1853,916200000,125,7,4/5,-73,5,2806876412
1854,915800000,125,7,4/5,-76,3,2807952427
1855,916400000,125,7,4/5,-72,6,2809028452
1856,916000000,125,7,4/5,-75,4,2810104467
1857,916200000,125,7,4/5,-73,5,2811180484
1858,915400000,125,7,4/5,-73,1,2812256499
1859,915800000,125,7,4/5,-72,3,2813332515
1860,915200000,125,7,4/5,-77,0,2814408539
1861,915600000,125,7,4/5,-75,2,2815484555
1862,915200000,125,7,4/5,-73,0,2816560571
1863,915800000,125,7,4/5,-75,3,2817636587
1864,916400000,125,7,4/5,-72,6,2818712604
1865,915600000,125,7,4/5,-75,2,2819788619
1866,916000000,125,7,4/5,-73,4,2820864643
1867,915400000,125,7,4/5,-73,1,2821940659
1868,916200000,125,7,4/5,-71,5,2823016676
1869,915400000,125,7,4/5,-71,1,2826032987
1870,916400000,125,7,4/5,-71,6,2827108748
1871,915800000,125,7,4/5,-71,3,2828184755
1872,916200000,125,7,4/5,-72,5,2829260780
1873,916000000,125,7,4/5,-75,4,2830336803
1874,915200000,125,7,4/5,-75,0,2831412819
1875,915600000,125,7,4/5,-70,2,2832488827
1876,915800000,125,7,4/5,-73,3,2835505139
1877,915400000,125,7,4/5,-83,1,2836580899
1878,916400000,125,7,4/5,-78,6,2837656916
1879,916200000,125,7,4/5,-81,5,2838732940
1880,915200000,125,7,4/5,-73,0,2839808955
1881,915600000,125,7,4/5,-79,2,2840884971
1882,916000000,125,7,4/5,-88,4,2841960987
1883,915400000,125,7,4/5,-77,1,2843037003
1884,915800000,125,7,4/5,-84,3,2844113019
1885,916000000,125,7,4/5,-82,4,2845189043
1886,915600000,125,7,4/5,-75,2,2846265059
1887,916200000,125,7,4/5,-75,5,2847341076
1888,915200000,125,7,4/5,-76,0,2848417099
1889,916400000,125,7,4/5,-81,6,2849493108
1890,916400000,125,7,4/5,-80,6,2850569124
1891,915600000,125,7,4/5,-81,2,2851645139
1892,916000000,125,7,4/5,-88,4,2852721163
1893,915400000,125,7,4/5,-85,1,2853797179
1894,916200000,125,7,4/5,-78,5,2854873196
1895,915800000,125,7,4/5,-88,3,2855949211
1896,915200000,125,7,4/5,-102,0,2857025235
1897,915600000,125,7,4/5,-94,2,2858101251
1898,916400000,125,7,4/5,-100,6,2859177268
1899,915800000,125,7,4/5,-98,3,2860253275
1901,916200000,125,7,4/5,-93,5,2864345620
1902,916000000,125,7,4/5,-99,4,2865421371
1903,915400000,125,7,4/5,-101,1,2868437683
1904,916000000,125,7,4/5,-99,4,2869513443
1906,916400000,125,7,4/5,-103,6,2875533796
1907,915800000,125,7,4/5,-103,3,2876609547
1908,915200000,125,7,4/5,-103,0,2877685571
1909,916200000,125,7,4/5,-102,5,2878761588
1910,915600000,125,7,4/5,-97,2,2879837603
1912,915800000,125,7,4/5,-96,3,2883929923
1913,915600000,125,7,4/5,-101,2,2885005683
1914,916200000,125,7,4/5,-94,5,2886081700
1915,916400000,125,7,4/5,-96,6,2887157716
1916,915400000,125,7,4/5,-99,1,2888233731
1917,915200000,125,7,4/5,-103,0,2889309755
1918,916000000,125,7,4/5,-95,4,2890385771
1919,916400000,125,7,4/5,-91,6,2891461788
1920,916200000,125,7,4/5,-96,5,2892537804
1921,915400000,125,7,4/5,-94,1,2893613819
1922,915800000,125,7,4/5,-88,3,2894689835
1923,915600000,125,7,4/5,-85,2,2895765851
1924,915200000,125,7,4/5,-85,0,2896841875
1925,916200000,125,7,4/5,-91,5,2897917892
1926,916400000,125,7,4/5,-84,6,2898993908
1927,915400000,125,7,4/5,-94,1,2900069923
1928,915200000,125,7,4/5,-94,0,2901145947
1929,916000000,125,7,4/5,-81,4,2902221955
1930,915600000,125,7,4/5,-84,2,2903297971
1931,915800000,125,7,4/5,-87,3,2904373987
1932,916000000,125,7,4/5,-93,4,2905450011
1933,916200000,125,7,4/5,-93,5,2906526028
1934,915400000,125,7,4/5,-75,1,2907602043
1935,916400000,125,7,4/5,-83,6,2908678060
1936,915200000,125,7,4/5,-82,0,2909754075
1937,915800000,125,7,4/5,-84,3,2910830091
1938,915600000,125,7,4/5,-83,2,2911906107
1939,916200000,125,7,4/5,-82,5,2912982124
1940,915400000,125,7,4/5,-96,1,2914058147
1941,916400000,125,7,4/5,-90,6,2915134156
1942,915600000,125,7,4/5,-78,2,2916210179
1943,915800000,125,7,4/5,-79,3,2917286187
1944,915200000,125,7,4/5,-88,0,2918362211
1945,916000000,125,7,4/5,-89,4,2919438227
1946,915200000,125,7,4/5,-84,0,2920514251
1947,916200000,125,7,4/5,-89,5,2921590260
1948,915400000,125,7,4/5,-85,1,2922666283
1949,915800000,125,7,4/5,-85,3,2923742291
1950,916000000,125,7,4/5,-91,4,2924818315
1951,916400000,125,7,4/5,-88,6,2925894332
1952,915600000,125,7,4/5,-85,2,2926970347
1953,915600000,125,7,4/5,-87,2,2928046363
1954,916000000,125,7,4/5,-84,4,2929122379
1955,916200000,125,7,4/5,-85,5,2930198396
1956,916400000,125,7,4/5,-85,6,2931274412
1957,915800000,125,7,4/5,-103,3,2932350427
1958,915200000,125,7,4/5,-90,0,2933426451
1959,915400000,125,7,4/5,-95,1,2934502467
1960,916400000,125,7,4/5,-87,6,2935578484
1961,916000000,125,7,4/5,-85,4,2936654499
1962,916200000,125,7,4/5,-85,5,2937730516
1963,915800000,125,7,4/5,-90,3,2938806531
1964,915400000,125,7,4/5,-77,1,2939882547
1965,915200000,125,7,4/5,-83,0,2940958571
1966,915600000,125,7,4/5,-85,2,2942034579
1968,915800000,125,7,4/5,-84,3,2946126907
1969,915600000,125,7,4/5,-82,2,2947202659
1970,916000000,125,7,4/5,-102,4,2948278683
1971,915200000,125,7,4/5,-94,0,2949354699
1972,915400000,125,7,4/5,-89,1,2950430715
1973,916400000,125,7,4/5,-87,6,2951506732
1974,915600000,125,7,4/5,-85,2,2952582747
1975,915200000,125,7,4/5,-95,0,2953658771
1976,916400000,125,7,4/5,-89,6,2954734780
1977,915400000,125,7,4/5,-87,1,2955810803
1978,916000000,125,7,4/5,-90,4,2956886819
1979,916200000,125,7,4/5,-84,5,2959903124
1980,915800000,125,7,4/5,-95,3,2960978875
1981,915400000,125,7,4/5,-101,1,2962054899
1982,915800000,125,7,4/5,-93,3,2963130907
1983,915200000,125,7,4/5,-100,0,2964206931
1984,915600000,125,7,4/5,-84,2,2967223235
1985,916400000,125,7,4/5,-91,6,2968298996
1987,916000000,125,7,4/5,-89,4,2972391323
1988,915200000,125,7,4/5,-97,0,2973467075
1989,915600000,125,7,4/5,-90,2,2974543091
1990,916400000,125,7,4/5,-85,6,2975619108
1991,916000000,125,7,4/5,-87,4,2976695131
1992,916200000,125,7,4/5,-84,5,2977771140
1993,915800000,125,7,4/5,-87,3,2978847155
1994,915400000,125,7,4/5,-85,1,2979923179
1995,916200000,125,7,4/5,-91,5,2980999196
1996,915200000,125,7,4/5,-96,0,2982075211
1997,915600000,125,7,4/5,-84,2,2983151227
1998,916000000,125,7,4/5,-90,4,2984227243
1999,915800000,125,7,4/5,-91,3,2985303259
2000,915400000,125,7,4/5,-83,1,2986379283
2001,916400000,125,7,4/5,-85,6,2987455292
2002,915400000,125,7,4/5,-86,1,2988531315
2003,915800000,125,7,4/5,-90,3,2989607323
2004,916000000,125,7,4/5,-88,4,2990683347
2005,915200000,125,7,4/5,-87,0,2991759363
2006,916400000,125,7,4/5,-82,6,2992835380
2007,916200000,125,7,4/5,-84,5,2993911396
2008,915600000,125,7,4/5,-83,2,2994987411
2009,916200000,125,7,4/5,-93,5,2996063428
2010,915600000,125,7,4/5,-87,2,2997139443
2011,915200000,125,7,4/5,-89,0,2998215467
2012,915400000,125,7,4/5,-93,1,2999291483
2013,915800000,125,7,4/5,-94,3,3000367491
2014,916400000,125,7,4/5,-93,6,3001443516
2015,916000000,125,7,4/5,-95,4,3002519531
2016,916000000,125,7,4/5,-96,4,3003595547
2017,915400000,125,7,4/5,-96,1,3004671563
2018,916200000,125,7,4/5,-100,5,3005747588
2019,916400000,125,7,4/5,-96,6,3006823596
2020,915600000,125,7,4/5,-97,2,3007899611
2021,915200000,125,7,4/5,-96,0,3008975635
2022,915800000,125,7,4/5,-85,3,3010051643
2023,915200000,125,7,4/5,-91,0,3011127667
2024,916200000,125,7,4/5,-87,5,3012203684
2025,916400000,125,7,4/5,-88,6,3013279700
2026,915600000,125,7,4/5,-88,2,3014355715
2027,915400000,125,7,4/5,-101,1,3015431731
2028,916000000,125,7,4/5,-94,4,3016507755
2029,915800000,125,7,4/5,-85,3,3017583763
2030,915600000,125,7,4/5,-85,2,3018659787
2031,916200000,125,7,4/5,-88,5,3019735804
2032,916000000,125,7,4/5,-87,4,3020811819
2033,915200000,125,7,4/5,-88,0,3021887835
2034,915400000,125,7,4/5,-88,1,3022963851
2035,915800000,125,7,4/5,-88,3,3024039867
2036,916400000,125,7,4/5,-88,6,3025115884
2037,916200000,125,7,4/5,-90,5,3026191908
2038,916000000,125,7,4/5,-91,4,3027267923
2039,915800000,125,7,4/5,-88,3,3028343939
2040,916400000,125,7,4/5,-88,6,3029419956
2041,915400000,125,7,4/5,-89,1,3030495971
2042,915200000,125,7,4/5,-90,0,3031571995
2043,915600000,125,7,4/5,-88,2,3032648003
2044,916000000,125,7,4/5,-90,4,3033724027
2045,916400000,125,7,4/5,-87,6,3034800044
2046,915400000,125,7,4/5,-87,1,3035876059
2047,916200000,125,7,4/5,-89,5,3038892372
2048,915600000,125,7,4/5,-83,2,3041896419
2049,915800000,125,7,4/5,-89,3,3044900459
2050,915200000,125,7,4/5,-85,0,3045976219
2051,915200000,125,7,4/5,-91,0,3047052235
2052,915600000,125,7,4/5,-87,2,3048128251
2053,916000000,125,7,4/5,-85,4,3049204275
2054,915800000,125,7,4/5,-87,3,3050280283
2055,916200000,125,7,4/5,-87,5,3051356308
2056,915400000,125,7,4/5,-85,1,3052432323
2057,916400000,125,7,4/5,-90,6,3055448636
2058,916200000,125,7,4/5,-91,5,3056524388
2059,916400000,125,7,4/5,-91,6,3057600404
2060,916000000,125,7,4/5,-87,4,3058676419
2061,915400000,125,7,4/5,-91,1,3061692731
2062,915200000,125,7,4/5,-91,0,3062768491
2063,915600000,125,7,4/5,-90,2,3063844507
2064,915800000,125,7,4/5,-87,3,3064920523
2065,915800000,125,7,4/5,-89,3,3065996539
2066,916200000,125,7,4/5,-89,5,3067072556
2067,915200000,125,7,4/5,-87,0,3068148579
2068,916400000,125,7,4/5,-87,6,3069224596
2069,916000000,125,7,4/5,-91,4,3070300611
2070,915400000,125,7,4/5,-84,1,3073316923
2071,915600000,125,7,4/5,-85,2,3074392675
2072,915800000,125,7,4/5,-87,3,3075468691
2073,915400000,125,7,4/5,-84,1,3076544707
2074,915200000,125,7,4/5,-85,0,3077620731
2075,916200000,125,7,4/5,-84,5,3078696748
2076,915600000,125,7,4/5,-81,2,3079772763
2077,916000000,125,7,4/5,-85,4,3080848779
2078,916400000,125,7,4/5,-87,6,3081924796
2079,915200000,125,7,4/5,-84,0,3083000819
2081,916200000,125,7,4/5,-89,5,3087093148
2082,916000000,125,7,4/5,-87,4,3088168899
2083,916400000,125,7,4/5,-91,6,3089244916
2084,915400000,125,7,4/5,-93,1,3090320931
2085,915600000,125,7,4/5,-95,2,3091396947
2086,916000000,125,7,4/5,-97,4,3092472971
2087,915400000,125,7,4/5,-94,1,3093548987
2088,915800000,125,7,4/5,-92,3,3094624995
2089,915200000,125,7,4/5,-88,0,3095701019
2090,916200000,125,7,4/5,-91,5,3096777036
2091,915600000,125,7,4/5,-90,2,3097853051
2092,916400000,125,7,4/5,-91,6,3100869364
2093,916200000,125,7,4/5,-87,5,3101945124
2094,915200000,125,7,4/5,-85,0,3103021139
2095,915600000,125,7,4/5,-84,2,3104097155
2096,915400000,125,7,4/5,-87,1,3105173171
2097,915800000,125,7,4/5,-90,3,3106249187
2098,916400000,125,7,4/5,-88,6,3107325204
2099,916000000,125,7,4/5,-84,4,3108401227
2100,915600000,125,7,4/5,-84,2,3109477243
2101,916000000,125,7,4/5,-84,4,3110553267
2102,915200000,125,7,4/5,-84,0,3111629283
2103,916200000,125,7,4/5,-85,5,3112705300
2104,915800000,125,7,4/5,-85,3,3113781315
2105,916400000,125,7,4/5,-87,6,3114857332
2106,915400000,125,7,4/5,-85,1,3115933347
2107,916000000,125,7,4/5,-87,4,3117009371
2108,916400000,125,7,4/5,-88,6,3118085380
2109,915800000,125,7,4/5,-84,3,3119161395
2110,915400000,125,7,4/5,-83,1,3120237419
2111,915200000,125,7,4/5,-83,0,3121313435
2112,915600000,125,7,4/5,-87,2,3122389451
2113,916200000,125,7,4/5,-85,5,3123465476
2114,916200000,125,7,4/5,-91,5,3124541492
2115,916000000,125,7,4/5,-91,4,3127557803
2116,916400000,125,7,4/5,-95,6,3128633556
2117,915400000,125,7,4/5,-83,1,3129709571
2118,915200000,125,7,4/5,-87,0,3130785595
2119,915600000,125,7,4/5,-91,2,3131861603
2120,915800000,125,7,4/5,-84,3,3132937619
2121,915400000,125,7,4/5,-91,1,3134013643
2122,915800000,125,7,4/5,-90,3,3135089659
2123,915200000,125,7,4/5,-89,0,3136165683
2124,915600000,125,7,4/5,-81,2,3137241691
2125,916000000,125,7,4/5,-83,4,3138317715
2126,916200000,125,7,4/5,-87,5,3141334028
2127,916400000,125,7,4/5,-85,6,3142409780
2128,916400000,125,7,4/5,-81,6,3143485796
2129,915800000,125,7,4/5,-79,3,3144561811
2130,915400000,125,7,4/5,-81,1,3145637835
2131,916000000,125,7,4/5,-90,4,3146713851
2132,915200000,125,7,4/5,-95,0,3147789867
2133,915600000,125,7,4/5,-90,2,3148865883
2135,915800000,125,7,4/5,-93,3,3152958211
2136,916000000,125,7,4/5,-102,4,3154033971
2137,915600000,125,7,4/5,-94,2,3155109987
2139,916400000,125,7,4/5,-99,6,3159202308
2141,916200000,125,7,4/5,-99,5,3163294380
2143,915400000,125,7,4/5,-102,1,3167386443
2146,916000000,125,7,4/5,-101,4,3176398595
2147,915800000,125,7,4/5,-101,3,3177474339
2149,916200000,125,7,4/5,-100,5,3181566676
2150,915600000,125,7,4/5,-95,2,3182642427
2151,915800000,125,7,4/5,-91,3,3183718435
2152,915200000,125,7,4/5,-93,0,3184794459
2153,916000000,125,7,4/5,-97,4,3185870475
2154,915400000,125,7,4/5,-95,1,3186946491
2155,916400000,125,7,4/5,-86,6,3188022508
2156,916400000,125,7,4/5,-90,6,3189098524
2157,915800000,125,7,4/5,-88,3,3190174547
2158,915200000,125,7,4/5,-94,0,3191250563
2159,916000000,125,7,4/5,-89,4,3192326579
2160,916200000,125,7,4/5,-90,5,3195340892
2161,915600000,125,7,4/5,-84,2,3196416643
2162,915400000,125,7,4/5,-90,1,3197492659
2163,915200000,125,7,4/5,-89,0,3198568683
2164,915600000,125,7,4/5,-101,2,3199644691
2165,915400000,125,7,4/5,-86,1,3200720715
2166,916000000,125,7,4/5,-101,4,3201796731
2167,915800000,125,7,4/5,-79,3,3202872739
2168,916200000,125,7,4/5,-82,5,3203948764
2169,916400000,125,7,4/5,-89,6,3205024780
2170,915200000,125,7,4/5,-86,0,3206100803
2171,915400000,125,7,4/5,-87,1,3207176811
2172,916400000,125,7,4/5,-85,6,3208252828
2173,915600000,125,7,4/5,-89,2,3209328843
2175,916200000,125,7,4/5,-90,5,3213421172
2176,915800000,125,7,4/5,-96,3,3214496923
2177,915600000,125,7,4/5,-99,2,3215572947
2178,916400000,125,7,4/5,-90,6,3216648964
2179,915200000,125,7,4/5,-99,0,3217724979
2180,916200000,125,7,4/5,-90,5,3218800996
2181,916000000,125,7,4/5,-85,4,3219877019
2182,915400000,125,7,4/5,-85,1,3220953027
2183,915800000,125,7,4/5,-89,3,3222029043
2184,915200000,125,7,4/5,-84,0,3223105067
2185,915400000,125,7,4/5,-89,1,3224181083
2186,915600000,125,7,4/5,-88,2,3225257099
2187,916200000,125,7,4/5,-91,5,3226333116
2188,915800000,125,7,4/5,-91,3,3227409131
2189,916400000,125,7,4/5,-91,6,3228485148
2190,916000000,125,7,4/5,-84,4,3229561171
2191,915200000,125,7,4/5,-94,0,3230637187
2192,916200000,125,7,4/5,-96,5,3231713204
2193,915600000,125,7,4/5,-95,2,3232789211
2194,916000000,125,7,4/5,-91,4,3233865235
2195,915800000,125,7,4/5,-89,3,3234941243
2196,916400000,125,7,4/5,-87,6,3236017268
2197,915400000,125,7,4/5,-96,1,3237093283
2198,915200000,125,7,4/5,-94,0,3238169307
2199,916000000,125,7,4/5,-91,4,3239245323
2200,915600000,125,7,4/5,-94,2,3240321339
2201,915800000,125,7,4/5,-100,3,3241397347
2202,916400000,125,7,4/5,-88,6,3242473372
2203,915400000,125,7,4/5,-89,1,3243549387
2204,916200000,125,7,4/5,-103,5,3244625404
2205,915600000,125,7,4/5,-95,2,3245701419
2206,915400000,125,7,4/5,-93,1,3246777435
2207,916000000,125,7,4/5,-102,4,3247853459
2208,915200000,125,7,4/5,-83,0,3248929475
2209,916400000,125,7,4/5,-90,6,3250005484
2210,916200000,125,7,4/5,-85,5,3251081508
2211,915800000,125,7,4/5,-90,3,3252157515
2212,915400000,125,7,4/5,-88,1,3253233539
2213,915600000,125,7,4/5,-87,2,3254309555
2214,915200000,125,7,4/5,-88,0,3255385571
2215,916200000,125,7,4/5,-97,5,3256461588
2216,916000000,125,7,4/5,-93,4,3257537611
2217,915800000,125,7,4/5,-93,3,3258613619
2218,916400000,125,7,4/5,-88,6,3259689636
2219,915600000,125,7,4/5,-93,2,3260765651
2220,916000000,125,7,4/5,-96,4,3261841675
2221,916400000,125,7,4/5,-92,6,3262917692
2222,915400000,125,7,4/5,-96,1,3263993707
2223,915800000,125,7,4/5,-94,3,3265069723
2224,915200000,125,7,4/5,-100,0,3266145747
2225,916200000,125,7,4/5,-96,5,3267221756
2226,915400000,125,7,4/5,-96,1,3268297771
2227,915600000,125,7,4/5,-99,2,3269373795
2228,915800000,125,7,4/5,-100,3,3270449803
2229,916000000,125,7,4/5,-97,4,3271525827
2230,916200000,125,7,4/5,-96,5,3272601844
2231,915200000,125,7,4/5,-96,0,3273677859
2232,916400000,125,7,4/5,-97,6,3276694172
2233,916000000,125,7,4/5,-96,4,3277769923
2234,915600000,125,7,4/5,-92,2,3280786235
2235,916200000,125,7,4/5,-100,5,3283790284
2237,915200000,125,7,4/5,-97,0,3287882347
2238,915800000,125,7,4/5,-88,3,3288958091
2239,915400000,125,7,4/5,-91,1,3290034115
2240,915400000,125,7,4/5,-90,1,3291110139
2241,916000000,125,7,4/5,-100,4,3292186155
2242,916200000,125,7,4/5,-93,5,3293262164
2243,915800000,125,7,4/5,-103,3,3294338179
2245,915600000,125,7,4/5,-99,2,3298430507
2246,915200000,125,7,4/5,-101,0,3299506267
2247,915200000,125,7,4/5,-97,0,3300582283
2248,915600000,125,7,4/5,-93,2,3301658299
2249,916200000,125,7,4/5,-91,5,3302734316
2250,916000000,125,7,4/5,-90,4,3303810339
2251,916400000,125,7,4/5,-96,6,3304886348
2252,915800000,125,7,4/5,-98,3,3305962363
2253,915400000,125,7,4/5,-100,1,3307038387
2254,916200000,125,7,4/5,-93,5,3308114404
2255,915600000,125,7,4/5,-92,2,3309190419
2256,916400000,125,7,4/5,-95,6,3310266436
2257,915400000,125,7,4/5,-96,1,3311342451
2258,915200000,125,7,4/5,-98,0,3312418475
2260,916000000,125,7,4/5,-93,4,3316510803
2261,915600000,125,7,4/5,-93,2,3319514843
2262,916200000,125,7,4/5,-88,5,3320590604
2263,916400000,125,7,4/5,-93,6,3321666620
2264,916000000,125,7,4/5,-95,4,3322742635
2265,915400000,125,7,4/5,-95,1,3323818651
2266,915200000,125,7,4/5,-94,0,3324894667
2267,915800000,125,7,4/5,-91,3,3325970683
2268,915400000,125,7,4/5,-93,1,3327046699
2269,916400000,125,7,4/5,-95,6,3328122716
2270,916000000,125,7,4/5,-95,4,3329198739
2271,916200000,125,7,4/5,-91,5,3330274756
2272,915600000,125,7,4/5,-88,2,3331350771
2273,915800000,125,7,4/5,-90,3,3332426787
2274,915200000,125,7,4/5,-91,0,3333502811
2275,916200000,125,7,4/5,-91,5,3334578820
2276,915800000,125,7,4/5,-86,3,3335654835
2277,915200000,125,7,4/5,-88,0,3336730859
2278,916000000,125,7,4/5,-91,4,3337806875
2279,915400000,125,7,4/5,-89,1,3338882891
2280,915600000,125,7,4/5,-88,2,3339958907
2281,916400000,125,7,4/5,-85,6,3341034924
2282,915600000,125,7,4/5,-97,2,3342110939
2283,915200000,125,7,4/5,-100,0,3343186963
2284,915800000,125,7,4/5,-93,3,3344262979
2285,915400000,125,7,4/5,-91,1,3345338995
2286,916000000,125,7,4/5,-94,4,3346415011
2287,916200000,125,7,4/5,-95,5,3347491028
2288,916400000,125,7,4/5,-95,6,3348567044
2289,915800000,125,7,4/5,-91,3,3349643059
2290,916200000,125,7,4/5,-91,5,3350719084
2291,916000000,125,7,4/5,-101,4,3351795099
2292,916400000,125,7,4/5,-100,6,3352871116
2293,915200000,125,7,4/5,-91,0,3353947131
2294,915400000,125,7,4/5,-95,1,3355023147
2295,915600000,125,7,4/5,-101,2,3356099163
2296,916000000,125,7,4/5,-102,4,3357175187
2298,915400000,125,7,4/5,-97,1,3361267515
2299,915800000,125,7,4/5,-95,3,3362343259
2300,915600000,125,7,4/5,-93,2,3363419283
2301,916400000,125,7,4/5,-100,6,3364495300
2302,915200000,125,7,4/5,-91,0,3365571323
2303,916400000,125,7,4/5,-94,6,3366647332
2304,915600000,125,7,4/5,-93,2,3367723347
2305,915200000,125,7,4/5,-97,0,3368799371
2306,916000000,125,7,4/5,-99,4,3369875387
2307,916200000,125,7,4/5,-91,5,3370951404
2308,915400000,125,7,4/5,-90,1,3372027419
2309,915800000,125,7,4/5,-101,3,3373103435
2310,916400000,125,7,4/5,-94,6,3374179452
2311,915200000,125,7,4/5,-94,0,3375255475
2312,915800000,125,7,4/5,-95,3,3376331483
2313,915600000,125,7,4/5,-90,2,3377407507
2314,916000000,125,7,4/5,-95,4,3378483523
2315,916200000,125,7,4/5,-100,5,3379559540
2316,915400000,125,7,4/5,-95,1,3380635563
2317,916400000,125,7,4/5,-93,6,3381711580
2318,915600000,125,7,4/5,-91,2,3382787595
2319,915200000,125,7,4/5,-92,0,3383863611
2320,916200000,125,7,4/5,-100,5,3384939628
2321,915800000,125,7,4/5,-94,3,3386015643
2322,916000000,125,7,4/5,-100,4,3387091667
2323,915400000,125,7,4/5,-95,1,3388167683
2324,916400000,125,7,4/5,-101,6,3389243700
2325,915800000,125,7,4/5,-95,3,3390319715
2326,916000000,125,7,4/5,-100,4,3391395731
2327,916200000,125,7,4/5,-100,5,3392471748
2328,915200000,125,7,4/5,-93,0,3393547771
2329,915600000,125,7,4/5,-93,2,3394623787
2330,915400000,125,7,4/5,-91,1,3395699803
2331,915400000,125,7,4/5,-91,1,3396775819
2332,915200000,125,7,4/5,-95,0,3397851843
2333,915800000,125,7,4/5,-93,3,3398927851
2334,916000000,125,7,4/5,-100,4,3400003875
2335,915600000,125,7,4/5,-84,2,3401079891
2336,916200000,125,7,4/5,-89,5,3402155908
2337,916400000,125,7,4/5,-97,6,3403231924
2338,916200000,125,7,4/5,-96,5,3404307940
2339,915400000,125,7,4/5,-94,1,3405383963
2340,915600000,125,7,4/5,-90,2,3406459979
2341,915200000,125,7,4/5,-93,0,3407536003
2342,916000000,125,7,4/5,-93,4,3408612019
2343,915800000,125,7,4/5,-90,3,3409688027
2344,916400000,125,7,4/5,-90,6,3410764044
2345,916400000,125,7,4/5,-90,6,3411840068
2346,915400000,125,7,4/5,-90,1,3412916083
2347,915800000,125,7,4/5,-89,3,3413992099
2348,916200000,125,7,4/5,-91,5,3415068124
2349,916000000,125,7,4/5,-95,4,3416144139
2350,915600000,125,7,4/5,-92,2,3417220155
2351,915200000,125,7,4/5,-94,0,3418296171
2352,915800000,125,7,4/5,-92,3,3419372187
2353,915600000,125,7,4/5,-93,2,3420448203
2354,915200000,125,7,4/5,-91,0,3421524227
2355,916200000,125,7,4/5,-90,5,3422600244
2356,916400000,125,7,4/5,-91,6,3425616548
2357,915400000,125,7,4/5,-96,1,3426692307
2358,916000000,125,7,4/5,-94,4,3427768323
2359,916400000,125,7,4/5,-93,6,3428844340
2360,915200000,125,7,4/5,-99,0,3429920363
2361,915400000,125,7,4/5,-97,1,3430996379
2362,915800000,125,7,4/5,-95,3,3432072387
2363,916000000,125,7,4/5,-96,4,3433148411
2364,916200000,125,7,4/5,-95,5,3434224428
2365,915600000,125,7,4/5,-97,2,3435300443
2366,916200000,125,7,4/5,-92,5,3436376460
2367,915600000,125,7,4/5,-96,2,3437452475
2368,916000000,125,7,4/5,-95,4,3438528499
2369,915400000,125,7,4/5,-102,1,3439604515
2370,915200000,125,7,4/5,-91,0,3440680539
2372,916400000,125,7,4/5,-95,6,3444772860
2373,916200000,125,7,4/5,-97,5,3445848620
2374,916000000,125,7,4/5,-89,4,3446924635
2376,916400000,125,7,4/5,-91,6,3451016964
2377,915400000,125,7,4/5,-85,1,3452092715
2378,915800000,125,7,4/5,-97,3,3455109027
2379,915600000,125,7,4/5,-95,2,3456184779
2381,915800000,125,7,4/5,-88,3,3460277107
2382,915200000,125,7,4/5,-94,0,3461352875
2383,916200000,125,7,4/5,-97,5,3462428884
2384,916000000,125,7,4/5,-89,4,3463504907
2385,915600000,125,7,4/5,-100,2,3464580915
2386,916400000,125,7,4/5,-99,6,3465656940
2387,915400000,125,7,4/5,-90,1,3466732955
2388,916000000,125,7,4/5,-94,4,3467808979
2389,916200000,125,7,4/5,-93,5,3468884988
2390,915800000,125,7,4/5,-93,3,3469961003
2391,916400000,125,7,4/5,-93,6,3471037020
2392,915600000,125,7,4/5,-85,2,3472113035
2393,915200000,125,7,4/5,-97,0,3473189059
